Player,First_Year,Last_Year,Years_Played,Last_Age,Games,Games_Started,Completions,Attempts,Passing_Yards,Passing_TDs,Interceptions,Average_Passer_Rating,Times_Sacked,Sack_Yards_Lost,Total_Wins,Total_Losses,Total_Ties,Teams,Completion_Percentage,TD_Percentage,Int_Percentage,Yards_Per_Attempt,Win_Percentage,QB_Score,Tier,All_Time_Rank,Prime_Years,Prime_Rating,Era,Era_Avg_pass_rating,Era_Avg_pass_yds,Era_Avg_pass_td,Era_Avg_pass_int,Era_Avg_pass_cmp,Era_Avg_pass_att,Average_Passer_Rating_vs_era,Passing_Yards_vs_era,Passing_TDs_vs_era
A.J. Feeley,2001,2011,6,34,28,18,425,762,4618,28,31,83.53333333333333,44,276,8,10,0,"MIA, PHI, STL",55.8,3.7,4.1,6.1,44.4,3.4,Unranked,130,2002-2007,66.1,Early Modern,74.11,1469.82,8.58,7.03,129.09,218.97,12.7,214.2,226.3
A.J. McCarron,2015,2023,6,33,18,4,113,179,1192,6,3,77.93333333333332,21,143,2,2,0,"CIN, HOU, OAK",63.1,3.4,1.7,6.7,50.0,0.0,Unranked,172,,,Modern Passing,80.91,1736.71,10.7,5.85,154.07,243.37,-3.7,-31.4,-43.9
Aaron Brooks,2000,2006,7,30,93,90,1673,2963,20261,123,92,77.45714285714287,235,1454,38,52,0,"NOR, OAK",56.5,4.2,3.1,6.8,42.2,20.1,Unranked,44,2002-2004,82.8,Early Modern,74.11,1469.82,8.58,7.03,129.09,218.97,4.5,1278.5,1333.6
Aaron Rodgers,2005,2023,19,40,231,224,5001,7661,59055,475,105,94.26315789473684,531,3606,148,75,1,"GNB, NYJ",65.3,6.2,1.4,7.7,66.4,57.0,Unranked,7,2011-2013,111.8,Post-Ty Law Rule,75.0,1530.04,9.08,6.67,132.82,219.87,25.7,3759.7,5131.3
Aidan O'Connell,2023,2023,1,25,11,10,213,343,2218,12,7,83.9,24,173,5,5,0,LVR,62.1,3.5,2.0,6.5,50.0,0.2,Unranked,169,,,Modern Passing,80.91,1736.71,10.7,5.85,154.07,243.37,3.7,27.7,12.1
Akili Smith,2000,2002,3,27,15,13,135,308,1407,3,7,53.56666666666666,40,217,2,11,0,CIN,43.8,1.0,2.3,4.6,15.4,0.0,Unranked,172,,,Early Modern,74.11,1469.82,8.58,7.03,129.09,218.97,-27.7,-4.3,-65.0
Alex Smith,2005,2020,14,36,174,167,3250,5193,35650,199,109,83.51428571428572,432,2463,99,67,1,"KAN, SFO, WAS",62.6,3.8,2.1,6.9,59.6,32.4,Unranked,22,2015-2017,97.1,Post-Ty Law Rule,75.0,1530.04,9.08,6.67,132.82,219.87,11.4,2230.0,2091.6
Alex Tanney,2015,2019,2,32,2,0,11,15,100,1,0,97.05000000000001,3,34,0,0,0,"NYG, TEN",73.3,6.7,0.0,6.7,0.0,0.9,Unranked,158,,,Modern Passing,80.91,1736.71,10.7,5.85,154.07,243.37,19.9,-94.2,-90.7
Alex Van Pelt,2000,2003,4,33,21,8,189,329,2177,12,14,62.099999999999994,15,80,2,6,0,BUF,57.4,3.6,4.3,6.6,25.0,0.0,Unranked,172,,,Early Modern,74.11,1469.82,8.58,7.03,129.09,218.97,-16.2,48.1,39.9
Andrew Luck,2012,2018,6,29,86,86,2000,3290,23671,171,83,88.33333333333333,174,1124,53,33,0,IND,60.8,5.2,2.5,7.2,61.6,21.7,Unranked,36,2015-2018,90.0,Modern Passing,80.91,1736.71,10.7,5.85,154.07,243.37,9.2,1263.0,1498.1
Andrew Walter,2006,2008,3,26,15,9,174,333,1919,3,16,53.70000000000001,51,295,2,7,0,OAK,52.3,0.9,4.8,5.8,22.2,0.0,Unranked,172,,,Post-Ty Law Rule,75.0,1530.04,9.08,6.67,132.82,219.87,-28.4,25.4,-67.0
Andy Dalton,2011,2023,13,36,169,163,3408,5454,38511,246,144,87.72307692307692,348,2281,83,78,2,"CAR, CHI, CIN, DAL, NOR",62.5,4.5,2.6,7.1,51.6,37.9,Unranked,14,2015-2017,94.9,Post-Ty Law Rule,75.0,1530.04,9.08,6.67,132.82,219.87,17.0,2417.0,2609.3
Anthony Brown,2022,2022,1,24,2,1,22,49,302,0,2,48.2,5,14,0,1,0,BAL,44.9,0.0,4.1,6.2,0.0,0.0,Unranked,172,,,Modern Passing,80.91,1736.71,10.7,5.85,154.07,243.37,-40.4,-82.6,-100.0
Anthony Richardson,2023,2023,1,21,4,4,50,84,577,3,1,87.3,7,29,2,2,0,IND,59.5,3.6,1.2,6.9,50.0,0.0,Unranked,172,,,Modern Passing,80.91,1736.71,10.7,5.85,154.07,243.37,7.9,-66.8,-72.0
Anthony Wright,2000,2007,6,31,31,19,332,605,3590,20,25,64.35000000000001,55,394,8,11,0,"BAL, CIN, DAL, NYG",54.9,3.3,4.1,5.9,42.1,0.0,Unranked,172,,,Early Modern,74.11,1469.82,8.58,7.03,129.09,218.97,-13.2,144.2,133.1
Armanti Edwards,2010,2012,3,24,35,0,2,3,11,0,0,77.1,0,0,0,0,0,CAR,66.7,0.0,0.0,3.7,0.0,0.0,Unranked,172,,,Post-Ty Law Rule,75.0,1530.04,9.08,6.67,132.82,219.87,2.8,-99.3,-100.0
Austin Davis,2014,2015,2,26,13,10,236,378,2548,13,12,75.65,40,275,3,7,0,"CLE, STL",62.4,3.4,3.2,6.7,30.0,0.0,Unranked,172,,,Modern Passing,80.91,1736.71,10.7,5.85,154.07,243.37,-6.5,46.7,21.5
B.J. Daniels,2015,2015,2,27,10,0,2,4,14,0,0,58.3,0,0,0,0,0,"2TM, HOU",50.0,0.0,0.0,3.5,0.0,0.0,Unranked,172,,,Modern Passing,80.91,1736.71,10.7,5.85,154.07,243.37,-27.9,-99.2,-100.0
Bailey Zappe,2022,2023,2,24,14,8,192,304,2053,11,12,84.80000000000001,31,231,4,4,0,NWE,63.2,3.6,3.9,6.8,50.0,0.8,Unranked,162,,,Modern Passing,80.91,1736.71,10.7,5.85,154.07,243.37,4.8,18.2,2.8
Baker Mayfield,2018,2023,8,28,101,96,1951,3160,22495,140,82,85.7375,246,1555,42,54,0,"2TM, CAR, CLE, LAR, TAM",61.7,4.4,2.6,7.1,43.8,20.1,Unranked,44,2018-2020,89.5,Modern Passing,80.91,1736.71,10.7,5.85,154.07,243.37,6.0,1195.3,1208.4
Ben DiNucci,2020,2020,1,24,3,1,23,43,219,0,0,67.9,7,73,0,1,0,DAL,53.5,0.0,0.0,5.1,0.0,0.0,Unranked,172,,,Modern Passing,80.91,1736.71,10.7,5.85,154.07,243.37,-16.1,-87.4,-100.0
Ben Roethlisberger,2004,2021,18,39,249,247,5440,8443,64088,418,211,92.38333333333333,554,3677,165,81,1,PIT,64.4,5.0,2.5,7.6,67.1,62.8,Unranked,4,2014-2016,97.7,Post-Ty Law Rule,75.0,1530.04,9.08,6.67,132.82,219.87,23.2,4088.6,4503.5
Billy Volek,2001,2010,8,34,37,10,337,561,3754,27,15,78.0142857142857,49,320,3,7,0,"SDG, TEN",60.1,4.8,2.7,6.7,30.0,1.5,Unranked,152,,,Early Modern,74.11,1469.82,8.58,7.03,129.09,218.97,5.3,155.4,214.7
Blaine Gabbert,2011,2023,12,34,69,49,882,1568,9487,51,50,78.08333333333333,141,942,14,35,0,"ARI, JAX, KAN, SFO, TAM, TEN",56.2,3.3,3.2,6.1,28.6,7.4,Unranked,94,2012-2016,77.3,Post-Ty Law Rule,75.0,1530.04,9.08,6.67,132.82,219.87,4.1,520.0,461.7
Blake Bortles,2014,2019,6,27,78,73,1562,2634,17649,103,75,76.2,195,1158,24,49,0,"JAX, LAR",59.3,3.9,2.8,6.7,32.9,14.2,Unranked,60,2015-2017,83.9,Modern Passing,80.91,1736.71,10.7,5.85,154.07,243.37,-5.8,916.2,862.6
Bobby Hoying,2000,2000,1,28,4,0,0,2,0,0,0,39.6,0,0,0,0,0,OAK,0.0,0.0,0.0,0.0,0.0,0.0,Unranked,172,,,Early Modern,74.11,1469.82,8.58,7.03,129.09,218.97,-46.6,-100.0,-100.0
Brad Johnson,2000,2008,9,40,123,86,1770,2870,18586,98,80,78.1888888888889,174,1103,47,39,0,"DAL, MIN, TAM, WAS",61.7,3.4,2.8,6.5,54.7,17.0,Unranked,51,2002-2004,84.6,Early Modern,74.11,1469.82,8.58,7.03,129.09,218.97,5.5,1164.5,1042.2
Bradlee Van Pelt,2005,2005,1,25,3,0,2,8,7,0,0,39.6,0,0,0,0,0,DEN,25.0,0.0,0.0,0.9,0.0,0.0,Unranked,172,,,Post-Ty Law Rule,75.0,1530.04,9.08,6.67,132.82,219.87,-47.2,-99.5,-100.0
Brady Quinn,2007,2012,4,28,24,20,296,550,3043,12,17,62.675,41,236,4,16,0,"CLE, KAN",53.8,2.2,3.1,5.5,20.0,0.0,Unranked,172,,,Post-Ty Law Rule,75.0,1530.04,9.08,6.67,132.82,219.87,-16.4,98.9,32.2
Brandon Allen,2019,2022,4,30,15,9,149,263,1611,10,6,82.275,21,143,2,7,0,"CIN, DEN",56.7,3.8,2.3,6.1,22.2,0.0,Unranked,172,,,Modern Passing,80.91,1736.71,10.7,5.85,154.07,243.37,1.7,-7.2,-6.5
Brandon Weeden,2012,2015,6,32,40,29,656,1105,7505,36,32,87.53333333333335,76,529,7,22,0,"2TM, CLE, DAL, HOU",59.4,3.3,2.9,6.8,24.1,5.6,Unranked,106,2012-2015,79.9,Modern Passing,80.91,1736.71,10.7,5.85,154.07,243.37,8.2,332.1,236.4
Brett Basanez,2006,2006,1,23,1,0,6,11,56,0,1,30.9,0,0,0,0,0,CAR,54.5,0.0,9.1,5.1,0.0,0.0,Unranked,172,,,Post-Ty Law Rule,75.0,1530.04,9.08,6.67,132.82,219.87,-58.8,-96.3,-100.0
Brett Favre,2000,2010,11,41,173,173,3641,5818,40944,273,195,85.26363636363637,258,1801,104,69,0,"GNB, MIN, NYJ",62.6,4.7,3.4,7.0,60.1,45.4,Unranked,11,2007-2009,94.6,Early Modern,74.11,1469.82,8.58,7.03,129.09,218.97,15.1,2685.6,3081.8
Brett Hundley,2016,2019,3,26,18,9,199,337,1902,9,13,64.55,31,208,3,6,0,"ARI, GNB",59.1,2.7,3.9,5.6,33.3,0.0,Unranked,172,,,Modern Passing,80.91,1736.71,10.7,5.85,154.07,243.37,-20.2,9.5,-15.9
Brett Rypien,2020,2023,4,27,10,4,98,168,950,4,9,54.75,11,65,2,2,0,"DEN, LAR",58.3,2.4,5.4,5.7,50.0,0.0,Unranked,172,,,Modern Passing,80.91,1736.71,10.7,5.85,154.07,243.37,-32.3,-45.3,-62.6
Brian Brohm,2009,2010,2,25,3,2,27,52,252,0,5,30.55,5,13,0,2,0,BUF,51.9,0.0,9.6,4.8,0.0,0.0,Unranked,172,,,Post-Ty Law Rule,75.0,1530.04,9.08,6.67,132.82,219.87,-59.3,-83.5,-100.0
Brian Griese,2000,2008,9,33,78,70,1490,2341,16406,105,84,80.03333333333335,166,1150,41,29,0,"CHI, DEN, MIA, TAM",63.6,4.5,3.6,7.0,58.6,17.3,Unranked,49,2000-2002,89.0,Early Modern,74.11,1469.82,8.58,7.03,129.09,218.97,8.0,1016.2,1123.8
Brian Hoyer,2009,2023,17,38,90,47,1048,1771,12186,57,41,82.11764705882354,106,764,16,31,0,"2TM, ARI, CHI, CLE, HOU, IND, LVR, NWE, SFO",59.2,3.2,2.3,6.9,34.0,8.8,Unranked,86,2014-2016,88.6,Post-Ty Law Rule,75.0,1530.04,9.08,6.67,132.82,219.87,9.5,696.4,527.8
Brian St. Pierre,2004,2010,3,31,3,1,15,33,185,2,3,48.166666666666664,3,23,0,1,0,"ARI, CAR, PIT",45.5,6.1,9.1,5.6,0.0,0.0,Unranked,172,,,Post-Ty Law Rule,75.0,1530.04,9.08,6.67,132.82,219.87,-35.8,-87.9,-78.0
Brock Berlin,2007,2008,2,27,2,1,18,31,159,0,1,51.5,0,0,0,1,0,STL,58.1,0.0,3.2,5.1,0.0,0.0,Unranked,172,,,Post-Ty Law Rule,75.0,1530.04,9.08,6.67,132.82,219.87,-31.3,-89.6,-100.0
Brock Huard,2000,2003,3,27,8,4,60,107,689,4,2,87.3,15,80,0,4,0,"IND, SEA",56.1,3.7,1.9,6.4,0.0,0.0,Unranked,172,,,Early Modern,74.11,1469.82,8.58,7.03,129.09,218.97,17.8,-53.1,-53.4
Brock Osweiler,2012,2018,7,28,49,30,697,1165,7418,37,31,78.25714285714285,79,559,15,15,0,"DEN, HOU, MIA",59.8,3.2,2.7,6.4,50.0,4.2,Unranked,119,2015-2017,77.0,Modern Passing,80.91,1736.71,10.7,5.85,154.07,243.37,-3.3,327.1,245.8
Brock Purdy,2022,2023,2,24,25,21,422,614,5654,44,15,110.15,39,237,17,4,0,SFO,68.7,7.2,2.4,9.2,81.0,8.6,Unranked,87,,,Modern Passing,80.91,1736.71,10.7,5.85,154.07,243.37,36.1,225.6,311.2
Brodie Croyle,2006,2010,5,27,18,10,181,319,1669,8,9,56.260000000000005,26,168,0,10,0,KAN,56.7,2.5,2.8,5.2,0.0,0.0,Unranked,172,,,Post-Ty Law Rule,75.0,1530.04,9.08,6.67,132.82,219.87,-25.0,9.1,-11.9
Brooks Bollinger,2004,2008,5,29,21,10,211,360,2226,9,9,74.72,49,301,2,8,0,"DAL, MIN, NYJ",58.6,2.5,2.5,6.2,20.0,0.0,Unranked,172,,,Post-Ty Law Rule,75.0,1530.04,9.08,6.67,132.82,219.87,-0.4,45.5,-0.9
Bruce Gradkowski,2006,2012,7,29,36,20,375,709,4057,21,24,56.04285714285714,53,333,6,14,0,"CIN, CLE, OAK, TAM",52.9,3.0,3.4,5.7,30.0,0.0,Unranked,172,2006-2010,70.9,Post-Ty Law Rule,75.0,1530.04,9.08,6.67,132.82,219.87,-25.3,165.2,131.3
Bryce Perkins,2022,2022,1,26,5,1,19,34,161,1,2,53.7,6,50,0,1,0,LAR,55.9,2.9,5.9,4.7,0.0,0.0,Unranked,172,,,Modern Passing,80.91,1736.71,10.7,5.85,154.07,243.37,-33.6,-90.7,-90.7
Bryce Petty,2016,2017,2,26,10,7,130,245,1353,4,10,57.55,21,134,1,6,0,NYJ,53.1,1.6,4.1,5.5,14.3,0.0,Unranked,172,,,Modern Passing,80.91,1736.71,10.7,5.85,154.07,243.37,-28.9,-22.1,-62.6
Bryce Young,2023,2023,1,22,16,16,315,527,2877,11,10,73.7,62,477,2,14,0,CAR,59.8,2.1,1.9,5.5,12.5,0.0,Unranked,172,,,Modern Passing,80.91,1736.71,10.7,5.85,154.07,243.37,-8.9,65.7,2.8
Bubby Brister,2000,2000,1,38,2,0,10,20,82,0,1,40.0,1,6,0,0,0,MIN,50.0,0.0,5.0,4.1,0.0,0.0,Unranked,172,,,Early Modern,74.11,1469.82,8.58,7.03,129.09,218.97,-46.0,-94.4,-100.0
Byron Leftwich,2003,2012,9,32,60,50,930,1605,10532,58,42,77.77777777777777,92,452,24,26,0,"ATL, JAX, PIT, TAM",57.9,3.6,2.6,6.6,48.0,7.9,Unranked,90,2004-2006,83.5,Early Modern,74.11,1469.82,8.58,7.03,129.09,218.97,4.9,616.6,576.0
C.J. Beathard,2017,2023,6,30,32,13,340,563,3886,19,14,84.1,53,400,3,10,0,"JAX, SFO",60.4,3.4,2.5,6.9,23.1,1.9,Unranked,147,2017-2020,85.6,Modern Passing,80.91,1736.71,10.7,5.85,154.07,243.37,3.9,123.8,77.6
C.J. Stroud,2023,2023,1,22,15,15,319,499,4108,23,5,100.8,38,331,9,6,0,HOU,63.9,4.6,1.0,8.2,60.0,4.6,Unranked,115,,,Modern Passing,80.91,1736.71,10.7,5.85,154.07,243.37,24.6,136.5,115.0
Cade McNown,2000,2000,1,23,10,9,154,280,1646,8,9,68.5,27,169,1,8,0,CHI,55.0,2.9,3.2,5.9,11.1,0.0,Unranked,172,,,Early Modern,74.11,1469.82,8.58,7.03,129.09,218.97,-7.6,12.0,-6.8
Caleb Hanie,2009,2011,3,26,10,4,59,116,679,3,10,48.93333333333334,21,148,0,4,0,CHI,50.9,2.6,8.6,5.9,0.0,0.0,Unranked,172,,,Post-Ty Law Rule,75.0,1530.04,9.08,6.67,132.82,219.87,-34.8,-55.6,-67.0
Cam Newton,2011,2021,11,32,148,144,2682,4474,32382,194,123,82.72727272727273,332,2477,75,68,1,"CAR, NWE",59.9,4.3,2.7,7.2,52.4,30.7,Unranked,24,2013-2015,90.1,Post-Ty Law Rule,75.0,1530.04,9.08,6.67,132.82,219.87,10.3,2016.4,2036.6
Cardale Jones,2016,2016,1,24,1,0,6,11,96,0,1,46.0,1,2,0,0,0,BUF,54.5,0.0,9.1,8.7,0.0,0.0,Unranked,172,,,Modern Passing,80.91,1736.71,10.7,5.85,154.07,243.37,-43.1,-94.5,-100.0
Carson Palmer,2004,2017,14,38,182,181,3941,6307,46247,294,187,86.82142857142857,340,2364,92,88,1,"ARI, CIN, OAK",62.5,4.7,3.0,7.3,51.1,45.7,Unranked,10,2014-2016,95.8,Post-Ty Law Rule,75.0,1530.04,9.08,6.67,132.82,219.87,15.8,2922.6,3137.9
Carson Wentz,2016,2023,8,31,95,93,2073,3308,22292,153,67,90.4875,239,1533,47,45,1,"IND, LAR, PHI, WAS",62.7,4.6,2.0,6.7,51.1,20.3,Unranked,43,2017-2019,99.1,Modern Passing,80.91,1736.71,10.7,5.85,154.07,243.37,11.8,1183.6,1329.9
Case Keenum,2013,2023,11,35,80,66,1392,2233,15175,79,51,76.38181818181819,131,989,30,36,0,"BUF, CLE, DEN, HOU, LAR, MIN, STL, WAS",62.3,3.5,2.3,6.8,45.5,10.4,Unranked,78,2017-2019,90.3,Modern Passing,80.91,1736.71,10.7,5.85,154.07,243.37,-5.6,773.8,638.3
Chad Henne,2008,2022,12,37,77,54,1200,2015,13290,60,63,74.91666666666667,151,942,18,36,0,"JAX, KAN, MIA",59.6,3.0,3.1,6.6,33.3,10.1,Unranked,80,2009-2011,76.5,Post-Ty Law Rule,75.0,1530.04,9.08,6.67,132.82,219.87,-0.1,768.6,560.8
Chad Hutchinson,2002,2004,3,27,15,14,220,413,2466,11,11,66.76666666666667,57,425,3,11,0,"CHI, DAL",53.3,2.7,2.7,6.0,21.4,0.0,Unranked,172,,,Early Modern,74.11,1469.82,8.58,7.03,129.09,218.97,-9.9,67.8,28.2
Chad Pennington,2000,2010,11,34,89,81,1632,2471,17823,102,64,89.19090909090909,162,965,44,37,0,"MIA, NYJ",66.0,4.1,2.6,7.2,54.3,18.0,Unranked,47,2002-2004,92.7,Early Modern,74.11,1469.82,8.58,7.03,129.09,218.97,20.3,1112.6,1088.8
Charlie Batch,2000,2012,10,38,58,33,584,1031,6950,37,39,76.00999999999999,88,482,14,19,0,"DET, PIT",56.6,3.6,3.8,6.7,42.4,4.8,Unranked,114,,,Early Modern,74.11,1469.82,8.58,7.03,129.09,218.97,2.6,372.8,331.2
Charlie Frye,2005,2009,5,28,26,23,419,677,4154,17,29,54.7,79,487,7,16,0,"CLE, OAK, SEA",61.9,2.5,4.3,6.1,30.4,0.0,Unranked,172,,,Post-Ty Law Rule,75.0,1530.04,9.08,6.67,132.82,219.87,-27.1,171.5,87.2
Charlie Whitehurst,2010,2016,5,34,21,9,219,396,2463,11,8,68.98,38,204,2,7,0,"CLE, IND, SEA, TEN",55.3,2.8,2.0,6.2,22.2,0.0,Unranked,172,,,Post-Ty Law Rule,75.0,1530.04,9.08,6.67,132.82,219.87,-8.0,61.0,21.1
Chase Daniel,2010,2022,11,36,72,5,186,273,1746,9,7,89.98181818181818,27,156,2,3,0,"CHI, DET, KAN, LAC, NOR, PHI",68.1,3.3,2.6,6.4,40.0,1.2,Unranked,154,,,Post-Ty Law Rule,75.0,1530.04,9.08,6.67,132.82,219.87,20.0,14.1,-0.9
Chris Chandler,2000,2004,5,39,50,42,660,1111,7619,35,45,70.02,125,811,15,27,0,"ATL, CHI, STL",59.4,3.2,4.1,6.9,35.7,5.0,Unranked,112,2000-2002,79.1,Early Modern,74.11,1469.82,8.58,7.03,129.09,218.97,-5.5,418.4,307.9
Chris Greisen,2000,2000,1,24,3,0,6,10,65,1,0,112.5,3,24,0,0,0,ARI,60.0,10.0,0.0,6.5,0.0,2.8,Unranked,136,,,Early Modern,74.11,1469.82,8.58,7.03,129.09,218.97,51.8,-95.6,-88.3
Chris Redman,2000,2011,7,34,30,12,286,500,3179,21,14,70.72857142857143,34,198,4,8,0,"ATL, BAL",57.2,4.2,2.8,6.4,33.3,0.0,Unranked,172,2002-2009,81.6,Early Modern,74.11,1469.82,8.58,7.03,129.09,218.97,-4.6,116.3,144.8
Chris Simms,2004,2009,5,29,23,16,297,511,3117,12,18,53.040000000000006,49,361,7,9,0,"DEN, TAM, TEN",58.1,2.3,3.5,6.1,43.8,0.0,Unranked,172,,,Post-Ty Law Rule,75.0,1530.04,9.08,6.67,132.82,219.87,-29.3,103.7,32.2
Chris Streveler,2020,2022,3,27,9,1,27,40,231,1,1,79.46666666666667,4,27,0,0,0,"ARI, NYJ",67.5,2.5,2.5,5.8,0.0,0.0,Unranked,172,,,Modern Passing,80.91,1736.71,10.7,5.85,154.07,243.37,-1.8,-86.7,-90.7
Chris Weinke,2001,2007,5,35,29,20,386,709,3904,15,26,66.98,47,298,2,18,0,"CAR, SFO",54.4,2.1,3.7,5.5,10.0,0.0,Unranked,172,,,Early Modern,74.11,1469.82,8.58,7.03,129.09,218.97,-9.6,165.6,74.8
Christian Ponder,2011,2014,4,26,38,36,632,1057,6658,38,36,68.75,95,501,14,21,1,MIN,59.8,3.6,3.4,6.3,40.0,3.2,Unranked,132,2011-2013,76.4,Post-Ty Law Rule,75.0,1530.04,9.08,6.67,132.82,219.87,-8.3,335.2,318.5
Clayton Tune,2023,2023,1,24,7,1,12,21,62,0,2,22.6,7,41,0,1,0,ARI,57.1,0.0,9.5,3.0,0.0,0.0,Unranked,172,,,Modern Passing,80.91,1736.71,10.7,5.85,154.07,243.37,-72.1,-96.4,-100.0
Cleo Lemon,2006,2008,3,29,15,8,211,379,2185,8,7,62.73333333333333,30,190,1,7,0,"JAX, MIA",55.7,2.1,1.8,5.8,12.5,0.0,Unranked,172,,,Post-Ty Law Rule,75.0,1530.04,9.08,6.67,132.82,219.87,-16.4,42.8,-11.9
Clint Stoerner,2000,2001,2,24,5,2,29,54,367,4,5,94.80000000000001,7,43,1,1,0,DAL,53.7,7.4,9.3,6.8,50.0,0.3,Unranked,167,,,Early Modern,74.11,1469.82,8.58,7.03,129.09,218.97,27.9,-75.0,-53.4
Cody Kessler,2016,2018,3,25,17,12,224,349,2215,8,5,72.10000000000001,49,337,2,10,0,"CLE, JAX",64.2,2.3,1.4,6.3,16.7,0.0,Unranked,172,,,Modern Passing,80.91,1736.71,10.7,5.85,154.07,243.37,-10.9,27.5,-25.2
Cody Pickett,2004,2005,2,25,6,2,18,45,195,0,4,23.5,5,30,0,2,0,SFO,40.0,0.0,8.9,4.3,0.0,0.0,Unranked,172,,,Post-Ty Law Rule,75.0,1530.04,9.08,6.67,132.82,219.87,-68.7,-87.3,-100.0
Colin Kaepernick,2011,2016,6,29,69,58,1011,1692,12271,72,30,87.78333333333335,171,1060,28,30,0,SFO,59.8,4.3,1.8,7.3,48.3,10.6,Unranked,76,2012-2014,92.1,Post-Ty Law Rule,75.0,1530.04,9.08,6.67,132.82,219.87,17.0,702.0,693.0
Colt McCoy,2010,2022,11,36,55,36,764,1220,7975,34,32,88.71818181818182,113,701,11,25,0,"ARI, CLE, NYG, SFO, WAS",62.6,2.8,2.6,6.5,30.6,6.7,Unranked,97,2011-2022,82.5,Post-Ty Law Rule,75.0,1530.04,9.08,6.67,132.82,219.87,18.3,421.2,274.4
Connor Cook,2016,2016,1,23,1,0,14,21,150,1,1,83.4,2,7,0,0,0,OAK,66.7,4.8,4.8,7.1,0.0,0.0,Unranked,172,,,Modern Passing,80.91,1736.71,10.7,5.85,154.07,243.37,3.1,-91.4,-90.7
Connor Shaw,2014,2014,1,23,1,1,14,28,177,0,1,55.2,4,27,0,1,0,CLE,50.0,0.0,3.6,6.3,0.0,0.0,Unranked,172,,,Modern Passing,80.91,1736.71,10.7,5.85,154.07,243.37,-31.8,-89.8,-100.0
Cooper Rush,2017,2023,4,30,23,6,143,236,1619,8,5,74.925,11,76,5,1,0,DAL,60.6,3.4,2.1,6.9,83.3,0.0,Unranked,172,,,Modern Passing,80.91,1736.71,10.7,5.85,154.07,243.37,-7.4,-6.8,-25.2
Cory Sauter,2002,2002,1,28,1,0,6,9,59,0,0,85.0,4,20,0,0,0,CHI,66.7,0.0,0.0,6.6,0.0,0.0,Unranked,172,,,Early Modern,74.11,1469.82,8.58,7.03,129.09,218.97,14.7,-96.0,-100.0
Craig Krenzel,2004,2004,1,23,6,5,59,127,718,3,6,52.5,23,158,3,2,0,CHI,46.5,2.4,4.7,5.7,60.0,0.0,Unranked,172,,,Post-Ty Law Rule,75.0,1530.04,9.08,6.67,132.82,219.87,-30.0,-53.1,-67.0
Craig Nall,2004,2007,2,28,6,0,30,48,402,5,0,113.5,3,18,0,0,0,GNB,62.5,10.4,0.0,8.4,0.0,4.0,Unranked,123,,,Post-Ty Law Rule,75.0,1530.04,9.08,6.67,132.82,219.87,51.3,-73.7,-44.9
Curtis Painter,2009,2013,3,28,14,8,148,287,1681,6,13,31.799999999999997,20,126,0,8,0,"IND, NYG",51.6,2.1,4.5,5.9,0.0,0.0,Unranked,172,,,Post-Ty Law Rule,75.0,1530.04,9.08,6.67,132.82,219.87,-57.6,9.9,-33.9
Dak Prescott,2016,2023,8,30,114,114,2595,3873,29459,202,74,98.61250000000001,235,1417,73,41,0,DAL,67.0,5.2,1.9,7.6,64.0,26.9,Unranked,26,2019-2021,101.2,Modern Passing,80.91,1736.71,10.7,5.85,154.07,243.37,21.9,1596.3,1787.9
Dameyune Craig,2001,2001,1,27,2,0,4,8,34,0,0,61.5,2,15,0,0,0,CAR,50.0,0.0,0.0,4.2,0.0,0.0,Unranked,172,,,Early Modern,74.11,1469.82,8.58,7.03,129.09,218.97,-17.0,-97.7,-100.0
Damon Huard,2000,2008,5,35,44,22,443,721,4930,25,21,68.06,65,418,11,11,0,"KAN, MIA, NWE",61.4,3.5,2.9,6.8,50.0,0.9,Unranked,158,,,Early Modern,74.11,1469.82,8.58,7.03,129.09,218.97,-8.2,235.4,191.4
Dan Orlovsky,2005,2015,5,32,23,12,298,512,3132,15,13,70.74,29,182,2,10,0,"DET, IND, TAM",58.2,2.9,2.5,6.1,16.7,0.0,Unranked,172,,,Post-Ty Law Rule,75.0,1530.04,9.08,6.67,132.82,219.87,-5.7,104.7,65.2
Daniel Jones,2019,2023,5,26,60,59,1221,1900,12512,62,40,83.18,179,1151,22,36,1,NYG,64.3,3.3,2.1,6.6,37.9,9.5,Unranked,84,2020-2022,85.9,Modern Passing,80.91,1736.71,10.7,5.85,154.07,243.37,2.8,620.4,479.4
Danny Kanell,2000,2003,2,30,10,3,110,219,966,4,10,49.35,10,84,0,3,0,"ATL, DEN",50.2,1.8,4.6,4.4,0.0,0.0,Unranked,172,,,Early Modern,74.11,1469.82,8.58,7.03,129.09,218.97,-33.4,-34.3,-53.4
Danny Wuerffel,2002,2002,1,28,7,4,58,92,719,3,6,70.9,11,83,2,2,0,WAS,63.0,3.3,6.5,7.8,50.0,0.0,Unranked,172,,,Early Modern,74.11,1469.82,8.58,7.03,129.09,218.97,-4.3,-51.1,-65.0
Daunte Culpepper,2000,2009,10,32,104,100,2016,3199,24153,149,106,81.96,298,1696,41,59,0,"DET, MIA, MIN, OAK",63.0,4.7,3.3,7.6,41.0,26.0,Unranked,30,2002-2004,94.2,Early Modern,74.11,1469.82,8.58,7.03,129.09,218.97,10.6,1543.3,1636.6
Dave Brown,2000,2000,1,30,6,2,40,69,467,2,3,70.1,10,53,0,2,0,ARI,58.0,2.9,4.3,6.8,0.0,0.0,Unranked,172,,,Early Modern,74.11,1469.82,8.58,7.03,129.09,218.97,-5.4,-68.2,-76.7
Dave Ragone,2003,2003,1,24,2,2,20,40,135,0,1,47.4,8,39,0,2,0,HOU,50.0,0.0,2.5,3.4,0.0,0.0,Unranked,172,,,Early Modern,74.11,1469.82,8.58,7.03,129.09,218.97,-36.0,-90.8,-100.0
David Blough,2019,2022,4,27,9,7,138,242,1435,6,9,59.866666666666674,21,144,0,7,0,"ARI, DET",57.0,2.5,3.7,5.9,0.0,0.0,Unranked,172,,,Modern Passing,80.91,1736.71,10.7,5.85,154.07,243.37,-26.0,-17.4,-43.9
David Carr,2002,2012,10,33,94,79,1353,2267,14452,65,71,77.86999999999999,267,1564,23,56,0,"CAR, HOU, NYG, SFO",59.7,2.9,3.1,6.4,29.1,13.7,Unranked,62,2004-2006,80.9,Early Modern,74.11,1469.82,8.58,7.03,129.09,218.97,5.1,883.2,657.6
David Fales,2016,2019,3,29,5,0,31,48,287,1,1,67.85,3,20,0,0,0,"CHI, MIA, NYJ",64.6,2.1,2.1,6.0,0.0,0.0,Unranked,172,,,Modern Passing,80.91,1736.71,10.7,5.85,154.07,243.37,-16.1,-83.5,-90.7
David Garrard,2002,2010,9,32,86,76,1406,2281,16003,89,54,85.53333333333333,179,1115,39,37,0,JAX,61.6,3.9,2.4,7.0,51.3,15.1,Unranked,58,2007-2009,89.1,Early Modern,74.11,1469.82,8.58,7.03,129.09,218.97,15.4,988.8,937.3
Davis Mills,2021,2023,3,25,34,26,573,912,5955,35,25,81.23333333333333,64,463,5,19,1,HOU,62.8,3.8,2.7,6.5,20.8,3.7,Unranked,126,,,Modern Passing,80.91,1736.71,10.7,5.85,154.07,243.37,0.4,242.9,227.1
Davis Webb,2022,2022,1,27,1,1,23,40,168,1,0,75.8,0,0,0,1,0,NYG,57.5,2.5,0.0,4.2,0.0,0.0,Unranked,172,,,Modern Passing,80.91,1736.71,10.7,5.85,154.07,243.37,-6.3,-90.3,-90.7
DeShone Kizer,2017,2018,2,22,18,15,275,518,3081,11,24,50.5,42,264,0,15,0,"CLE, GNB",53.1,2.1,4.6,5.9,0.0,0.0,Unranked,172,,,Modern Passing,80.91,1736.71,10.7,5.85,154.07,243.37,-37.6,77.4,2.8
Dennis Dixon,2008,2010,3,25,4,3,35,59,402,1,2,73.06666666666668,5,41,2,1,0,PIT,59.3,1.7,3.4,6.8,66.7,0.0,Unranked,172,,,Post-Ty Law Rule,75.0,1530.04,9.08,6.67,132.82,219.87,-2.6,-73.7,-89.0
Derek Anderson,2006,2018,11,35,72,49,909,1674,10878,60,64,71.80000000000001,81,563,20,29,0,"ARI, BUF, CAR, CLE",54.3,3.6,3.8,6.5,40.8,7.8,Unranked,91,2006-2008,70.7,Post-Ty Law Rule,75.0,1530.04,9.08,6.67,132.82,219.87,-4.3,611.0,560.8
Derek Carr,2014,2023,10,32,159,159,3576,5506,39100,242,107,92.49000000000001,295,1842,72,87,0,"LVR, NOR, OAK",64.9,4.4,1.9,7.1,45.3,33.5,Unranked,21,2019-2021,98.7,Modern Passing,80.91,1736.71,10.7,5.85,154.07,243.37,14.3,2151.4,2161.7
Deshaun Watson,2017,2023,6,28,66,65,1390,2089,16756,118,45,96.64999999999999,211,1241,36,29,0,"CLE, HOU",66.5,5.6,2.2,8.0,55.4,16.6,Unranked,53,2018-2020,104.5,Modern Passing,80.91,1736.71,10.7,5.85,154.07,243.37,19.5,864.8,1002.8
Desmond Ridder,2022,2023,2,24,19,17,322,503,3544,14,12,84.9,40,230,8,9,0,ATL,64.0,2.8,2.4,7.0,47.1,1.6,Unranked,150,,,Modern Passing,80.91,1736.71,10.7,5.85,154.07,243.37,4.9,104.1,30.8
Devlin Hodges,2019,2019,1,23,8,6,100,160,1063,5,8,71.4,15,102,3,3,0,PIT,62.5,3.1,5.0,6.6,50.0,0.0,Unranked,172,,,Modern Passing,80.91,1736.71,10.7,5.85,154.07,243.37,-11.8,-38.8,-53.3
Dominique Davis,2013,2013,1,24,1,0,5,7,34,0,0,81.8,0,0,0,0,0,ATL,71.4,0.0,0.0,4.9,0.0,0.0,Unranked,172,,,Modern Passing,80.91,1736.71,10.7,5.85,154.07,243.37,1.1,-98.0,-100.0
Donovan McNabb,2000,2011,12,35,155,155,3064,5158,36328,226,110,86.84166666666665,382,2422,96,58,1,"MIN, PHI, WAS",59.4,4.4,2.1,7.0,62.3,36.4,Unranked,16,2004-2006,95.1,Early Modern,74.11,1469.82,8.58,7.03,129.09,218.97,17.2,2371.6,2534.0
Dorian Thompson-Robinson,2023,2023,1,24,8,3,60,112,440,1,4,51.2,6,60,1,2,0,CLE,53.6,0.9,3.6,3.9,33.3,0.0,Unranked,172,,,Modern Passing,80.91,1736.71,10.7,5.85,154.07,243.37,-36.7,-74.7,-90.7
Doug Flutie,2000,2005,6,43,42,27,545,978,6630,33,25,72.3,45,283,12,15,0,"BUF, NWE, SDG",55.7,3.4,2.6,6.8,44.4,2.4,Unranked,140,2000-2003,80.4,Early Modern,74.11,1469.82,8.58,7.03,129.09,218.97,-2.4,351.1,284.6
Doug Johnson,2000,2004,5,27,25,11,218,384,2600,13,18,77.55999999999999,38,226,2,9,0,"ATL, TEN",56.8,3.4,4.7,6.8,18.2,0.2,Unranked,169,,,Early Modern,74.11,1469.82,8.58,7.03,129.09,218.97,4.7,76.9,51.5
Doug Pederson,2000,2004,4,36,47,8,149,263,1317,3,10,68.625,18,124,1,7,0,"CLE, GNB",56.7,1.1,3.8,5.0,12.5,0.0,Unranked,172,,,Early Modern,74.11,1469.82,8.58,7.03,129.09,218.97,-7.4,-10.4,-65.0
Drew Bledsoe,2000,2006,7,34,88,88,1647,2796,18645,104,83,77.3,255,1642,40,48,0,"BUF, DAL, NWE",58.9,3.7,3.0,6.7,45.5,18.1,Unranked,46,2000-2003,78.8,Early Modern,74.11,1469.82,8.58,7.03,129.09,218.97,4.3,1168.5,1112.1
Drew Brees,2001,2020,20,41,287,286,7142,10551,80358,571,243,98.45500000000001,420,2991,172,114,0,"NOR, SDG",67.7,5.4,2.3,7.6,60.1,84.0,Unranked,2,2018-2020,112.8,Early Modern,74.11,1469.82,8.58,7.03,129.09,218.97,32.8,5367.2,6555.0
Drew Henson,2004,2008,2,28,9,1,11,20,98,1,1,73.6,5,51,1,0,0,"DAL, DET",55.0,5.0,5.0,4.9,100.0,0.0,Unranked,172,,,Post-Ty Law Rule,75.0,1530.04,9.08,6.67,132.82,219.87,-1.9,-93.6,-89.0
Drew Lock,2019,2023,4,27,28,23,469,786,5283,28,23,81.67500000000001,39,227,9,14,0,"DEN, SEA",59.7,3.6,2.9,6.7,39.1,2.8,Unranked,136,2019-2021,81.8,Modern Passing,80.91,1736.71,10.7,5.85,154.07,243.37,0.9,204.2,161.7
Drew Stanton,2008,2017,7,33,38,17,345,659,4059,20,24,58.128571428571426,38,226,11,6,0,"ARI, DET",52.4,3.0,3.6,6.2,64.7,0.0,Unranked,172,2010-2017,74.5,Post-Ty Law Rule,75.0,1530.04,9.08,6.67,132.82,219.87,-22.5,165.3,120.3
Dwayne Haskins,2019,2020,2,23,16,13,267,444,2804,12,14,74.55,49,345,3,10,0,WAS,60.1,2.7,3.2,6.3,23.1,0.0,Unranked,172,,,Modern Passing,80.91,1736.71,10.7,5.85,154.07,243.37,-7.9,61.5,12.1
EJ Manuel,2013,2017,5,27,30,18,343,590,3767,20,16,73.42,47,297,6,12,0,"BUF, OAK",58.1,3.4,2.7,6.4,33.3,0.1,Unranked,171,,,Modern Passing,80.91,1736.71,10.7,5.85,154.07,243.37,-9.3,116.9,86.9
Easton Stick,2020,2023,2,28,6,4,112,175,1133,3,1,84.44999999999999,14,122,0,4,0,LAC,64.0,1.7,0.6,6.5,0.0,0.0,Unranked,172,,,Modern Passing,80.91,1736.71,10.7,5.85,154.07,243.37,4.4,-34.8,-72.0
Eli Manning,2004,2019,16,38,236,234,4895,8119,57023,366,244,82.725,411,2870,117,117,0,NYG,60.3,4.5,3.0,7.0,50.0,56.8,Unranked,8,2014-2016,90.6,Post-Ty Law Rule,75.0,1530.04,9.08,6.67,132.82,219.87,10.3,3626.9,3930.8
Elvis Grbac,2000,2001,2,31,29,29,591,1014,7202,43,32,80.5,57,428,15,14,0,"BAL, KAN",58.3,4.2,3.2,7.1,51.7,5.4,Unranked,108,,,Early Modern,74.11,1469.82,8.58,7.03,129.09,218.97,8.6,390.0,401.2
Eric Zeier,2000,2000,1,28,3,0,3,3,19,0,0,93.1,0,0,0,0,0,TAM,100.0,0.0,0.0,6.3,0.0,1.6,Unranked,150,,,Early Modern,74.11,1469.82,8.58,7.03,129.09,218.97,25.6,-98.7,-100.0
Feleipe Franks,2021,2021,1,24,9,0,0,1,0,0,1,0.0,0,0,0,0,0,ATL,0.0,0.0,100.0,0.0,0.0,0.0,Unranked,172,,,Modern Passing,80.91,1736.71,10.7,5.85,154.07,243.37,-100.0,-100.0,-100.0
Gardner Minshew II,2019,2023,5,27,49,37,891,1423,9937,59,24,91.98000000000002,105,577,15,22,0,"IND, JAX, PHI",62.6,4.1,1.7,7.0,40.5,8.2,Unranked,89,2019-2023,90.6,Modern Passing,80.91,1736.71,10.7,5.85,154.07,243.37,13.7,472.2,451.4
Garrett Gilbert,2018,2021,4,30,8,2,43,75,477,1,1,75.95,5,48,0,2,0,"CAR, CLE, DAL, WAS",57.3,1.3,1.3,6.4,0.0,0.0,Unranked,172,,,Modern Passing,80.91,1736.71,10.7,5.85,154.07,243.37,-6.1,-72.5,-90.7
Geno Smith,2013,2023,10,33,77,66,1314,2077,14823,84,57,82.74,172,1255,30,36,0,"LAC, NYG, NYJ, SEA",63.3,4.0,2.7,7.1,45.5,12.3,Unranked,70,2014-2023,90.2,Modern Passing,80.91,1736.71,10.7,5.85,154.07,243.37,2.3,753.5,685.0
Gibran Hamdan,2003,2003,1,22,1,0,1,2,7,0,0,58.3,1,2,0,0,0,WAS,50.0,0.0,0.0,3.5,0.0,0.0,Unranked,172,,,Early Modern,74.11,1469.82,8.58,7.03,129.09,218.97,-21.3,-99.5,-100.0
Graham Harrell,2012,2012,1,27,4,0,2,4,20,0,0,64.6,0,0,0,0,0,GNB,50.0,0.0,0.0,5.0,0.0,0.0,Unranked,172,,,Modern Passing,80.91,1736.71,10.7,5.85,154.07,243.37,-20.2,-98.8,-100.0
Greg McElroy,2012,2012,1,24,2,1,19,31,214,1,1,79.2,11,71,0,1,0,NYJ,61.3,3.2,3.2,6.9,0.0,0.0,Unranked,172,,,Modern Passing,80.91,1736.71,10.7,5.85,154.07,243.37,-2.1,-87.7,-90.7
Gus Frerotte,2000,2008,9,37,86,41,780,1396,9405,57,55,73.21111111111112,96,575,24,17,0,"CIN, DEN, MIA, MIN, STL",55.9,4.1,3.9,6.7,58.5,7.5,Unranked,93,2000-2007,70.8,Early Modern,74.11,1469.82,8.58,7.03,129.09,218.97,-1.2,539.9,564.3
Henry Burris,2002,2002,1,27,6,1,18,51,207,3,5,28.4,4,20,0,1,0,CHI,35.3,5.9,9.8,4.1,0.0,0.0,Unranked,172,,,Early Modern,74.11,1469.82,8.58,7.03,129.09,218.97,-61.7,-85.9,-65.0
Ian Book,2021,2021,1,23,1,1,12,20,135,0,2,40.6,8,54,0,1,0,NOR,60.0,0.0,10.0,6.8,0.0,0.0,Unranked,172,,,Modern Passing,80.91,1736.71,10.7,5.85,154.07,243.37,-49.8,-92.2,-100.0
J.P. Losman,2004,2011,7,30,45,33,564,952,6271,33,34,63.55714285714286,108,789,10,23,0,"BUF, MIA, OAK",59.2,3.5,3.6,6.6,30.3,2.1,Unranked,144,2005-2007,75.6,Post-Ty Law Rule,75.0,1530.04,9.08,6.67,132.82,219.87,-15.3,309.9,263.4
J.T. O'Sullivan,2007,2009,3,30,16,8,145,257,1866,9,13,56.43333333333334,38,246,2,6,0,"CIN, DET, SFO",56.4,3.5,5.1,7.3,25.0,0.0,Unranked,172,,,Post-Ty Law Rule,75.0,1530.04,9.08,6.67,132.82,219.87,-24.8,22.0,-0.9
JaMarcus Russell,2007,2009,3,24,31,25,354,680,4083,18,23,61.0,70,457,7,18,0,OAK,52.1,2.6,3.4,6.0,28.0,0.0,Unranked,172,,,Post-Ty Law Rule,75.0,1530.04,9.08,6.67,132.82,219.87,-18.7,166.9,98.2
Jacob Eason,2021,2022,2,25,2,0,5,10,84,0,2,39.2,0,0,0,0,0,"CAR, IND",50.0,0.0,20.0,8.4,0.0,0.0,Unranked,172,,,Modern Passing,80.91,1736.71,10.7,5.85,154.07,243.37,-51.6,-95.2,-100.0
Jacoby Brissett,2016,2023,8,31,79,48,981,1600,10574,51,23,82.9,130,817,18,30,0,"CLE, IND, MIA, NWE, WAS",61.3,3.2,1.4,6.6,37.5,6.7,Unranked,97,2019-2022,85.0,Modern Passing,80.91,1736.71,10.7,5.85,154.07,243.37,2.5,508.9,376.6
Jake Browning,2023,2023,1,27,9,7,171,243,1936,12,7,98.4,24,169,4,3,0,CIN,70.4,4.9,2.9,8.0,57.1,3.2,Unranked,132,,,Modern Passing,80.91,1736.71,10.7,5.85,154.07,243.37,21.6,11.5,12.1
Jake Delhomme,2002,2011,10,36,101,94,1699,2856,20454,123,96,87.06,162,1225,55,39,0,"CAR, CLE, HOU, NOR",59.5,4.3,3.4,7.2,58.5,21.6,Unranked,37,2004-2006,86.0,Early Modern,74.11,1469.82,8.58,7.03,129.09,218.97,17.5,1291.6,1333.6
Jake Fromm,2021,2021,1,23,3,2,27,60,210,1,3,38.9,6,33,0,2,0,NYG,45.0,1.7,5.0,3.5,0.0,0.0,Unranked,172,,,Modern Passing,80.91,1736.71,10.7,5.85,154.07,243.37,-51.9,-87.9,-90.7
Jake Locker,2011,2014,4,26,30,23,408,709,4967,27,22,82.75,60,378,9,14,0,TEN,57.5,3.8,3.1,7.0,39.1,3.1,Unranked,134,2012-2014,77.2,Post-Ty Law Rule,75.0,1530.04,9.08,6.67,132.82,219.87,10.3,224.6,197.4
Jake Luton,2020,2020,1,24,3,3,60,110,624,2,6,54.5,7,52,0,3,0,JAX,54.5,1.8,5.5,5.7,0.0,0.0,Unranked,172,,,Modern Passing,80.91,1736.71,10.7,5.85,154.07,243.37,-32.6,-64.1,-81.3
Jake Plummer,2000,2006,7,32,105,100,1802,3126,21202,120,102,78.0,156,1012,54,46,0,"ARI, DEN",57.6,3.8,3.3,6.8,54.0,20.4,Unranked,42,2003-2005,88.6,Early Modern,74.11,1469.82,8.58,7.03,129.09,218.97,5.2,1342.5,1298.6
Jake Rudock,2017,2017,1,24,3,0,3,5,24,0,1,32.5,0,0,0,0,0,DET,60.0,0.0,20.0,4.8,0.0,0.0,Unranked,172,,,Modern Passing,80.91,1736.71,10.7,5.85,154.07,243.37,-59.8,-98.6,-100.0
Jalen Hurts,2020,2023,4,25,62,51,1000,1578,11764,67,34,88.85,113,662,34,17,0,PHI,63.4,4.2,2.2,7.5,66.7,9.6,Unranked,82,2021-2023,92.6,Modern Passing,80.91,1736.71,10.7,5.85,154.07,243.37,9.8,577.4,526.2
Jameis Winston,2015,2023,9,29,93,80,1763,2882,22104,141,99,84.46666666666667,195,1242,34,46,0,"NOR, TAM",61.2,4.9,3.4,7.7,42.5,20.5,Unranked,41,2018-2021,92.4,Modern Passing,80.91,1736.71,10.7,5.85,154.07,243.37,4.4,1172.8,1217.8
Jamie Martin,2000,2006,6,36,40,7,305,462,3218,15,19,86.55,30,186,4,3,0,"JAX, NOR, STL",66.0,3.2,4.1,7.0,57.1,2.6,Unranked,139,,,Early Modern,74.11,1469.82,8.58,7.03,129.09,218.97,16.8,118.9,74.8
Jared Goff,2016,2023,8,29,117,117,2657,4107,30429,185,82,91.3,217,1581,66,50,1,"DET, LAR",64.7,4.5,2.0,7.4,56.9,25.6,Unranked,31,2021-2023,96.2,Modern Passing,80.91,1736.71,10.7,5.85,154.07,243.37,12.8,1652.1,1629.0
Jared Lorenzen,2007,2007,1,26,2,0,4,8,28,0,0,58.3,1,5,0,0,0,NYG,50.0,0.0,0.0,3.5,0.0,0.0,Unranked,172,,,Post-Ty Law Rule,75.0,1530.04,9.08,6.67,132.82,219.87,-22.3,-98.2,-100.0
Jaren Hall,2023,2023,1,25,3,2,13,20,168,0,1,70.4,4,28,1,1,0,MIN,65.0,0.0,5.0,8.4,50.0,0.0,Unranked,172,,,Modern Passing,80.91,1736.71,10.7,5.85,154.07,243.37,-13.0,-90.3,-100.0
Jarious Jackson,2000,2003,3,26,4,1,11,22,114,0,1,44.699999999999996,2,11,0,1,0,DEN,50.0,0.0,4.5,5.2,0.0,0.0,Unranked,172,,,Early Modern,74.11,1469.82,8.58,7.03,129.09,218.97,-39.7,-92.2,-100.0
Jarrett Stidham,2019,2023,4,27,16,4,117,197,1422,8,8,62.575,19,121,1,3,0,"DEN, LVR, NWE",59.4,4.1,4.1,7.2,25.0,0.0,Unranked,172,,,Modern Passing,80.91,1736.71,10.7,5.85,154.07,243.37,-22.7,-18.1,-25.2
Jason Campbell,2006,2014,9,32,90,79,1519,2518,16771,87,60,78.86666666666666,170,1096,32,47,0,"CHI, CIN, CLE, OAK, WAS",60.3,3.5,2.4,6.7,40.5,13.4,Unranked,65,2008-2010,85.1,Post-Ty Law Rule,75.0,1530.04,9.08,6.67,132.82,219.87,5.2,996.1,858.1
Jay Cutler,2006,2017,12,34,153,153,3048,4920,35133,227,160,85.14166666666667,322,2035,74,79,0,"CHI, DEN, MIA",62.0,4.6,3.3,7.1,48.4,36.1,Unranked,17,2013-2015,90.0,Post-Ty Law Rule,75.0,1530.04,9.08,6.67,132.82,219.87,13.5,2196.2,2400.0
Jay Fiedler,2000,2005,6,34,64,59,944,1616,11147,67,63,82.13333333333334,107,687,36,23,0,"MIA, NYJ",58.4,4.1,3.9,6.9,61.0,11.2,Unranked,74,2000-2002,80.0,Early Modern,74.11,1469.82,8.58,7.03,129.09,218.97,10.8,658.4,680.9
Jeff Blake,2000,2005,6,35,41,34,583,1011,6537,41,36,75.50000000000001,75,502,14,20,0,"ARI, BAL, CHI, NOR, PHI",57.7,4.1,3.6,6.5,41.2,4.4,Unranked,117,2000-2003,76.5,Early Modern,74.11,1469.82,8.58,7.03,129.09,218.97,1.9,344.7,377.9
Jeff Driskel,2018,2023,5,30,23,12,229,391,2394,16,10,79.88,43,305,1,10,0,"CIN, CLE, DEN, DET, HOU",58.6,4.1,2.6,6.1,9.1,0.0,Unranked,172,,,Modern Passing,80.91,1736.71,10.7,5.85,154.07,243.37,-1.3,37.8,49.5
Jeff Garcia,2000,2008,9,38,111,106,2039,3301,22993,150,72,86.72222222222223,166,843,56,50,0,"CLE, DET, PHI, SFO, TAM",61.8,4.5,2.2,7.0,52.8,22.4,Unranked,34,2006-2008,93.5,Early Modern,74.11,1469.82,8.58,7.03,129.09,218.97,17.0,1464.3,1648.3
Jeff George,2000,2001,2,34,8,7,136,236,1557,7,9,57.099999999999994,18,132,1,6,0,WAS,57.6,3.0,3.8,6.6,14.3,0.0,Unranked,172,,,Early Modern,74.11,1469.82,8.58,7.03,129.09,218.97,-23.0,5.9,-18.4
Jeff Lewis,2000,2000,1,27,5,0,16,32,120,0,1,46.4,7,51,0,0,0,CAR,50.0,0.0,3.1,3.8,0.0,0.0,Unranked,172,,,Early Modern,74.11,1469.82,8.58,7.03,129.09,218.97,-37.4,-91.8,-100.0
Jeff Tuel,2013,2013,1,22,2,1,26,59,309,1,3,45.1,2,11,0,1,0,BUF,44.1,1.7,5.1,5.2,0.0,0.0,Unranked,172,,,Modern Passing,80.91,1736.71,10.7,5.85,154.07,243.37,-44.3,-82.2,-90.7
Jesse Palmer,2002,2003,2,25,8,3,63,120,562,3,4,77.15,16,95,0,3,0,NYG,52.5,2.5,3.3,4.7,0.0,0.0,Unranked,172,,,Early Modern,74.11,1469.82,8.58,7.03,129.09,218.97,4.1,-61.8,-65.0
Jim Harbaugh,2000,2000,1,37,7,5,123,202,1416,8,10,74.6,14,96,0,5,0,SDG,60.9,4.0,5.0,7.0,0.0,0.0,Unranked,172,,,Early Modern,74.11,1469.82,8.58,7.03,129.09,218.97,0.7,-3.7,-6.8
Jim Miller,2000,2002,3,31,27,23,455,791,4625,27,20,73.53333333333335,29,180,14,9,0,CHI,57.5,3.4,2.5,5.8,60.9,0.7,Unranked,163,,,Early Modern,74.11,1469.82,8.58,7.03,129.09,218.97,-0.8,214.7,214.7
Jim Sorgi,2004,2008,4,28,14,0,99,156,929,6,1,88.67500000000001,6,37,0,0,0,IND,63.5,3.8,0.6,6.0,0.0,0.0,Unranked,172,,,Post-Ty Law Rule,75.0,1530.04,9.08,6.67,132.82,219.87,18.2,-39.3,-33.9
Jimmy Clausen,2010,2015,5,28,25,17,327,597,3259,9,18,65.22,50,319,1,16,0,"2TM, BAL, CAR, CHI",54.8,1.5,3.0,5.5,5.9,0.0,Unranked,172,,,Post-Ty Law Rule,75.0,1530.04,9.08,6.67,132.82,219.87,-13.0,113.0,-0.9
Jimmy Garoppolo,2014,2023,10,32,81,63,1277,1895,15494,94,51,91.41000000000001,137,921,43,20,0,"LVR, NWE, SFO",67.4,5.0,2.7,8.2,68.3,14.1,Unranked,61,2020-2022,98.0,Modern Passing,80.91,1736.71,10.7,5.85,154.07,243.37,13.0,792.1,778.5
Joe Burrow,2020,2023,4,27,52,52,1288,1895,14083,97,37,97.475,148,1040,29,22,1,CIN,68.0,5.1,2.0,7.4,56.9,13.7,Unranked,62,2021-2023,100.0,Modern Passing,80.91,1736.71,10.7,5.85,154.07,243.37,20.5,710.9,806.5
Joe Callahan,2017,2017,1,24,1,0,5,7,11,0,0,74.1,0,0,0,0,0,GNB,71.4,0.0,0.0,1.6,0.0,0.0,Unranked,172,,,Modern Passing,80.91,1736.71,10.7,5.85,154.07,243.37,-8.4,-99.4,-100.0
Joe Flacco,2008,2023,16,38,188,185,4004,6503,43936,245,155,85.67500000000001,386,2759,103,82,0,"BAL, CLE, DEN, NYJ",61.6,3.8,2.4,6.8,55.7,40.6,Unranked,13,2009-2011,87.8,Post-Ty Law Rule,75.0,1530.04,9.08,6.67,132.82,219.87,14.2,2771.6,2598.2
Joe Hamilton,2000,2000,1,23,1,0,0,0,0,0,0,0.0,1,1,0,0,0,TAM,0.0,0.0,0.0,0.0,0.0,0.0,Unranked,172,,,Early Modern,74.11,1469.82,8.58,7.03,129.09,218.97,-100.0,-100.0,-100.0
Joe Webb,2010,2011,2,25,16,3,88,152,853,3,5,67.75,11,69,1,1,0,MIN,57.9,2.0,3.3,5.6,50.0,0.0,Unranked,172,,,Post-Ty Law Rule,75.0,1530.04,9.08,6.67,132.82,219.87,-9.7,-44.2,-67.0
Joey Harrington,2002,2007,6,29,81,76,1424,2538,14693,79,85,69.78333333333333,124,770,26,50,0,"ATL, DET, MIA",56.1,3.1,3.3,5.8,34.2,12.4,Unranked,69,2004-2006,72.6,Early Modern,74.11,1469.82,8.58,7.03,129.09,218.97,-5.8,899.6,820.7
John Beck,2007,2011,2,30,9,7,140,239,1417,3,7,67.05,26,153,0,7,0,"MIA, WAS",58.6,1.3,2.9,5.9,0.0,0.0,Unranked,172,,,Post-Ty Law Rule,75.0,1530.04,9.08,6.67,132.82,219.87,-10.6,-7.4,-67.0
John Friesz,2000,2000,1,33,1,0,11,21,66,0,1,39.0,3,16,0,0,0,NWE,52.4,0.0,4.8,3.1,0.0,0.0,Unranked,172,,,Early Modern,74.11,1469.82,8.58,7.03,129.09,218.97,-47.4,-95.5,-100.0
John Navarre,2004,2005,2,25,2,1,32,64,342,2,5,51.6,5,35,0,1,0,ARI,50.0,3.1,7.8,5.3,0.0,0.0,Unranked,172,,,Post-Ty Law Rule,75.0,1530.04,9.08,6.67,132.82,219.87,-31.2,-77.6,-78.0
John Skelton,2010,2012,3,24,20,17,320,602,3707,15,25,62.199999999999996,47,325,8,9,0,ARI,53.2,2.5,4.2,6.2,47.1,0.0,Unranked,172,2010-2012,62.2,Post-Ty Law Rule,75.0,1530.04,9.08,6.67,132.82,219.87,-17.1,142.3,65.2
John Wolford,2020,2022,3,27,7,4,61,104,626,1,5,64.65,10,65,2,2,0,LAR,58.7,1.0,4.8,6.0,50.0,0.0,Unranked,172,,,Modern Passing,80.91,1736.71,10.7,5.85,154.07,243.37,-20.1,-64.0,-90.7
Johnny Manziel,2014,2015,2,23,14,8,147,258,1675,7,7,60.7,22,167,2,6,0,CLE,57.0,2.7,2.7,6.5,25.0,0.0,Unranked,172,,,Modern Passing,80.91,1736.71,10.7,5.85,154.07,243.37,-25.0,-3.6,-34.6
Jon Kitna,2000,2011,11,39,117,103,2278,3730,24851,138,139,74.5,277,1707,38,65,0,"CIN, DAL, DET, SEA",61.1,3.7,3.7,6.7,36.9,26.2,Unranked,28,2003-2006,81.1,Early Modern,74.11,1469.82,8.58,7.03,129.09,218.97,0.5,1590.8,1508.4
Jonathan Quinn,2001,2004,2,29,11,4,83,159,774,2,4,61.4,21,152,0,4,0,"CHI, JAX",52.2,1.3,2.5,4.9,0.0,0.0,Unranked,172,,,Early Modern,74.11,1469.82,8.58,7.03,129.09,218.97,-17.2,-47.3,-76.7
Jordan Love,2021,2023,3,25,27,18,422,662,4765,35,14,92.33333333333333,33,265,9,9,0,GNB,63.7,5.3,2.1,7.2,50.0,4.2,Unranked,119,,,Modern Passing,80.91,1736.71,10.7,5.85,154.07,243.37,14.1,174.4,227.1
Jordan Palmer,2008,2014,3,30,5,0,11,18,66,0,2,53.13333333333333,4,31,0,0,0,"CIN, TEN",61.1,0.0,11.1,3.7,0.0,0.0,Unranked,172,,,Post-Ty Law Rule,75.0,1530.04,9.08,6.67,132.82,219.87,-29.2,-95.7,-100.0
Josh Allen,2018,2023,6,27,94,93,1989,3145,22703,167,78,90.23333333333333,175,1087,63,30,0,BUF,63.2,5.3,2.5,7.2,67.7,21.3,Unranked,39,2020-2022,98.7,Modern Passing,80.91,1736.71,10.7,5.85,154.07,243.37,11.5,1207.2,1460.7
Josh Freeman,2009,2015,8,27,66,65,1242,2195,14634,83,72,66.2875,120,751,25,40,0,"2TM, IND, MIN, TAM",56.6,3.8,3.3,6.7,38.5,10.5,Unranked,77,2010-2012,84.0,Post-Ty Law Rule,75.0,1530.04,9.08,6.67,132.82,219.87,-11.6,856.4,814.1
Josh Johnson,2009,2022,9,36,41,10,263,440,2918,18,18,79.76249999999999,32,212,1,9,0,"2TM, BAL, CLE, NYJ, SFO, TAM, WAS",59.8,4.1,4.1,6.6,10.0,0.9,Unranked,158,,,Post-Ty Law Rule,75.0,1530.04,9.08,6.67,132.82,219.87,6.3,90.7,98.2
Josh McCown,2002,2019,14,40,98,76,1584,2633,17731,98,82,69.59285714285713,235,1563,23,53,0,"ARI, CAR, CHI, CLE, NYJ, OAK, PHI, TAM",60.2,3.7,3.1,6.7,30.3,16.0,Unranked,54,2013-2015,90.9,Early Modern,74.11,1469.82,8.58,7.03,129.09,218.97,-6.1,1106.3,1042.2
Josh Rosen,2018,2021,3,24,24,16,277,513,2864,12,21,59.35,61,413,3,13,0,"ARI, ATL, MIA",54.0,2.3,4.1,5.6,18.8,0.0,Unranked,172,,,Modern Passing,80.91,1736.71,10.7,5.85,154.07,243.37,-26.6,64.9,12.1
Joshua Dobbs,2018,2023,6,28,34,26,574,919,5384,28,23,69.01666666666667,66,460,6,20,0,"2TM, ARI, MIN, PIT, TEN",62.5,3.0,2.5,5.9,23.1,1.1,Unranked,155,2023-2023,79.0,Modern Passing,80.91,1736.71,10.7,5.85,154.07,243.37,-14.7,210.0,161.7
Justin Fields,2021,2023,3,24,40,38,578,958,6674,40,30,81.56666666666666,135,908,10,28,0,CHI,60.3,4.2,3.1,7.0,26.3,5.2,Unranked,110,2021-2023,81.6,Modern Passing,80.91,1736.71,10.7,5.85,154.07,243.37,0.8,284.3,273.8
Justin Herbert,2020,2023,4,25,62,62,1613,2422,17223,114,42,95.6,130,871,30,32,0,LAC,66.6,4.7,1.7,7.1,48.4,15.3,Unranked,57,2020-2022,96.4,Modern Passing,80.91,1736.71,10.7,5.85,154.07,243.37,18.2,891.7,965.4
Keith Null,2009,2009,1,24,4,4,73,119,566,3,9,49.9,13,82,0,4,0,STL,61.3,2.5,7.6,4.8,0.0,0.0,Unranked,172,,,Post-Ty Law Rule,75.0,1530.04,9.08,6.67,132.82,219.87,-33.5,-63.0,-67.0
Kellen Clemens,2006,2017,12,34,64,21,350,638,4053,16,21,60.55833333333334,66,401,8,13,0,"LAC, NYJ, SDG, STL",54.9,2.5,3.3,6.4,38.1,0.0,Unranked,172,,,Post-Ty Law Rule,75.0,1530.04,9.08,6.67,132.82,219.87,-19.3,164.9,76.2
Kellen Mond,2021,2021,1,22,1,0,2,3,5,0,0,70.1,0,0,0,0,0,MIN,66.7,0.0,0.0,1.7,0.0,0.0,Unranked,172,,,Modern Passing,80.91,1736.71,10.7,5.85,154.07,243.37,-13.4,-99.7,-100.0
Kellen Moore,2015,2015,1,26,3,2,61,104,779,4,6,71.0,5,23,0,2,0,DAL,58.7,3.8,5.8,7.5,0.0,0.0,Unranked,172,,,Modern Passing,80.91,1736.71,10.7,5.85,154.07,243.37,-12.2,-55.1,-62.6
Kelly Holcomb,2001,2007,6,34,32,23,520,820,5462,38,30,90.18333333333334,60,464,8,15,0,"BUF, CLE, MIN",63.4,4.6,3.7,6.7,34.8,6.1,Unranked,104,2002-2005,84.4,Early Modern,74.11,1469.82,8.58,7.03,129.09,218.97,21.7,271.6,342.9
Ken Dorsey,2004,2008,4,27,16,13,214,408,2082,8,18,48.825,25,172,2,11,0,"CLE, SFO",52.5,2.0,4.4,5.1,15.4,0.0,Unranked,172,,,Post-Ty Law Rule,75.0,1530.04,9.08,6.67,132.82,219.87,-34.9,36.1,-11.9
Kenny Pickett,2022,2023,2,25,25,24,446,713,4474,13,13,79.05000000000001,50,355,14,10,0,PIT,62.6,1.8,1.8,6.3,58.3,0.9,Unranked,158,,,Modern Passing,80.91,1736.71,10.7,5.85,154.07,243.37,-2.3,157.6,21.5
Kent Graham,2000,2001,2,33,15,5,79,167,1009,3,1,93.15,15,86,2,3,0,"PIT, WAS",47.3,1.8,0.6,6.0,40.0,0.0,Unranked,172,,,Early Modern,74.11,1469.82,8.58,7.03,129.09,218.97,25.7,-31.4,-65.0
Kerry Collins,2000,2011,12,39,136,124,2509,4399,29096,149,121,73.7,221,1463,55,69,0,"IND, NYG, OAK, TEN",57.0,3.4,2.8,6.6,44.4,26.3,Unranked,27,2000-2002,81.9,Early Modern,74.11,1469.82,8.58,7.03,129.09,218.97,-0.6,1879.6,1636.6
Kevin Hogan,2016,2017,2,25,8,1,60,101,621,4,7,51.75,8,45,0,1,0,CLE,59.4,4.0,6.9,6.1,0.0,0.0,Unranked,172,,,Modern Passing,80.91,1736.71,10.7,5.85,154.07,243.37,-36.0,-64.2,-62.6
Kevin Kolb,2007,2012,6,28,34,21,449,755,5206,28,25,70.8,77,517,9,12,0,"ARI, PHI",59.5,3.7,3.3,6.9,42.9,1.8,Unranked,149,2010-2012,81.1,Post-Ty Law Rule,75.0,1530.04,9.08,6.67,132.82,219.87,-5.6,240.3,208.4
Kevin O'Connell,2008,2008,1,23,2,0,4,6,23,0,0,73.6,1,2,0,0,0,NWE,66.7,0.0,0.0,3.8,0.0,0.0,Unranked,172,,,Post-Ty Law Rule,75.0,1530.04,9.08,6.67,132.82,219.87,-1.9,-98.5,-100.0
Kevin Thompson,2000,2000,1,23,1,0,1,1,8,0,0,100.0,0,0,0,0,0,CLE,100.0,0.0,0.0,8.0,0.0,3.6,Unranked,127,,,Early Modern,74.11,1469.82,8.58,7.03,129.09,218.97,34.9,-99.5,-100.0
Kirk Cousins,2012,2023,12,35,150,145,3465,5177,39471,270,110,95.88333333333334,304,2207,76,67,2,"MIN, WAS",66.9,5.2,2.1,7.6,53.1,35.8,Unranked,18,2019-2021,105.2,Modern Passing,80.91,1736.71,10.7,5.85,154.07,243.37,18.5,2172.7,2423.4
Kliff Kingsbury,2005,2005,1,26,1,0,1,2,17,0,0,79.2,0,0,0,0,0,NYJ,50.0,0.0,0.0,8.5,0.0,0.0,Unranked,172,,,Post-Ty Law Rule,75.0,1530.04,9.08,6.67,132.82,219.87,5.6,-98.9,-100.0
Kordell Stewart,2000,2003,4,31,48,39,652,1148,7542,38,37,73.72500000000001,91,517,25,14,0,"CHI, PIT",56.8,3.3,3.2,6.6,64.1,4.6,Unranked,115,2000-2002,79.4,Early Modern,74.11,1469.82,8.58,7.03,129.09,218.97,-0.5,413.1,342.9
Koy Detmer,2000,2005,6,32,94,2,77,144,752,2,7,59.44000000000001,7,48,1,1,0,PHI,53.5,1.4,4.9,5.2,50.0,0.0,Unranked,172,,,Early Modern,74.11,1469.82,8.58,7.03,129.09,218.97,-19.8,-48.8,-76.7
Kurt Kittner,2003,2003,1,23,7,4,44,114,391,2,6,32.5,5,30,1,3,0,ATL,38.6,1.8,5.3,3.4,25.0,0.0,Unranked,172,,,Early Modern,74.11,1469.82,8.58,7.03,129.09,218.97,-56.1,-73.4,-76.7
Kurt Warner,2000,2009,10,38,107,100,2337,3560,27952,167,115,88.15,231,1468,54,46,0,"ARI, NYG, STL",65.6,4.7,3.2,7.9,54.0,29.6,Unranked,25,2007-2009,93.3,Early Modern,74.11,1469.82,8.58,7.03,129.09,218.97,18.9,1801.7,1846.4
Kyle Allen,2018,2022,5,26,23,19,441,704,4734,26,21,90.32000000000001,60,487,7,12,0,"CAR, HOU, WAS",62.6,3.7,3.0,6.7,36.8,3.9,Unranked,125,,,Modern Passing,80.91,1736.71,10.7,5.85,154.07,243.37,11.6,172.6,143.0
Kyle Boller,2003,2011,8,30,67,47,861,1519,8931,48,54,63.35,123,802,20,27,0,"BAL, OAK, STL",56.7,3.2,3.6,5.9,42.6,5.2,Unranked,110,2004-2007,72.6,Early Modern,74.11,1469.82,8.58,7.03,129.09,218.97,-14.5,507.6,459.4
Kyle Lauletta,2018,2018,1,23,2,0,0,5,0,0,1,0.0,0,0,0,0,0,NYG,0.0,0.0,20.0,0.0,0.0,0.0,Unranked,172,,,Modern Passing,80.91,1736.71,10.7,5.85,154.07,243.37,-100.0,-100.0,-100.0
Kyle Orton,2005,2014,11,32,96,90,1763,2964,19795,110,78,84.75454545454545,175,1070,45,45,0,"2TM, BUF, CHI, DAL, DEN, KAN",59.5,3.7,2.6,6.7,50.0,17.7,Unranked,48,2008-2010,84.6,Post-Ty Law Rule,75.0,1530.04,9.08,6.67,132.82,219.87,13.0,1193.8,1111.5
Kyle Trask,2022,2023,2,25,3,0,3,10,23,0,0,41.0,0,0,0,0,0,TAM,30.0,0.0,0.0,2.3,0.0,0.0,Unranked,172,,,Modern Passing,80.91,1736.71,10.7,5.85,154.07,243.37,-49.3,-98.7,-100.0
Kyler Murray,2019,2023,5,26,65,65,1492,2239,15647,94,46,91.78,149,1082,28,36,1,ARI,66.6,4.2,2.1,7.0,43.8,13.6,Unranked,64,2019-2021,94.1,Modern Passing,80.91,1736.71,10.7,5.85,154.07,243.37,13.4,801.0,778.5
Lamar Jackson,2018,2023,6,26,86,77,1362,2112,15887,125,45,96.31666666666668,169,859,58,19,0,BAL,64.5,5.9,2.1,7.5,75.3,16.0,Unranked,54,2019-2021,99.9,Modern Passing,80.91,1736.71,10.7,5.85,154.07,243.37,19.0,814.8,1068.2
Landry Jones,2015,2017,3,28,18,5,108,169,1310,8,7,87.63333333333333,9,66,3,2,0,PIT,63.9,4.7,4.1,7.8,60.0,0.7,Unranked,163,,,Modern Passing,80.91,1736.71,10.7,5.85,154.07,243.37,8.3,-24.6,-25.2
Levi Brown,2010,2010,1,23,1,0,2,3,24,0,1,51.4,0,0,0,0,0,BUF,66.7,0.0,33.3,8.0,0.0,0.0,Unranked,172,,,Post-Ty Law Rule,75.0,1530.04,9.08,6.67,132.82,219.87,-31.5,-98.4,-100.0
Logan Thomas,2014,2014,1,23,2,0,1,9,81,1,0,101.6,2,11,0,0,0,ARI,11.1,11.1,0.0,9.0,0.0,0.0,Unranked,172,,,Modern Passing,80.91,1736.71,10.7,5.85,154.07,243.37,25.6,-95.3,-90.7
Logan Woodside,2020,2023,2,28,7,0,4,7,34,0,1,47.75,1,7,0,0,0,"ATL, TEN",57.1,0.0,14.3,4.9,0.0,0.0,Unranked,172,,,Modern Passing,80.91,1736.71,10.7,5.85,154.07,243.37,-41.0,-98.0,-100.0
Luke Falk,2019,2019,1,25,3,2,47,73,416,0,3,62.4,16,96,0,2,0,NYJ,64.4,0.0,4.1,5.7,0.0,0.0,Unranked,172,,,Modern Passing,80.91,1736.71,10.7,5.85,154.07,243.37,-22.9,-76.0,-100.0
Luke McCown,2004,2015,8,34,44,10,216,356,2370,9,15,59.1625,34,271,2,8,0,"CLE, JAX, NOR, TAM",60.7,2.5,4.2,6.7,20.0,0.0,Unranked,172,,,Post-Ty Law Rule,75.0,1530.04,9.08,6.67,132.82,219.87,-21.1,54.9,-0.9
Mac Jones,2021,2023,3,25,42,42,864,1308,8918,46,36,84.76666666666667,84,599,18,24,0,NWE,66.1,3.5,2.8,6.8,42.9,6.8,Unranked,96,2021-2023,84.8,Modern Passing,80.91,1736.71,10.7,5.85,154.07,243.37,4.8,413.5,329.9
Malik Cunningham,2023,2023,2,25,3,0,0,0,0,0,0,0.0,2,10,0,0,0,"2TM, NWE",0.0,0.0,0.0,0.0,0.0,0.0,Unranked,172,,,Modern Passing,80.91,1736.71,10.7,5.85,154.07,243.37,-100.0,-100.0,-100.0
Malik Willis,2022,2023,2,24,11,3,35,66,350,0,3,80.75,14,79,1,2,0,TEN,53.0,0.0,4.5,5.3,33.3,0.0,Unranked,172,,,Modern Passing,80.91,1736.71,10.7,5.85,154.07,243.37,-0.2,-79.8,-100.0
Marc Bulger,2002,2009,8,32,96,95,1969,3171,22814,122,93,84.5375,254,1863,41,54,0,STL,62.1,3.8,2.9,7.2,43.2,22.9,Unranked,33,2004-2006,93.7,Early Modern,74.11,1469.82,8.58,7.03,129.09,218.97,14.1,1452.2,1321.9
Marcus Mariota,2015,2023,9,30,90,74,1327,2118,15820,93,55,84.57777777777778,186,1198,34,40,0,"ATL, LVR, PHI, TEN",62.7,4.4,2.6,7.5,45.9,13.4,Unranked,65,2018-2022,90.9,Modern Passing,80.91,1736.71,10.7,5.85,154.07,243.37,4.5,810.9,769.2
Mark Brunell,2000,2011,10,41,118,83,1464,2480,16500,98,56,78.32,209,1349,34,49,0,"JAX, NOR, NYJ, WAS",59.0,4.0,2.3,6.7,41.0,14.8,Unranked,59,2000-2002,84.6,Early Modern,74.11,1469.82,8.58,7.03,129.09,218.97,5.7,1022.6,1042.2
Mark Hartsell,2000,2000,1,27,1,0,0,1,0,0,0,39.6,0,0,0,0,0,CHI,0.0,0.0,0.0,0.0,0.0,0.0,Unranked,172,,,Early Modern,74.11,1469.82,8.58,7.03,129.09,218.97,-46.6,-100.0,-100.0
Mark Rypien,2001,2001,1,39,4,0,5,9,57,0,0,74.8,1,6,0,0,0,IND,55.6,0.0,0.0,6.3,0.0,0.0,Unranked,172,,,Early Modern,74.11,1469.82,8.58,7.03,129.09,218.97,0.9,-96.1,-100.0
Mark Sanchez,2009,2018,8,32,79,73,1314,2320,15357,86,89,63.85000000000001,168,1090,37,36,0,"DAL, NYJ, PHI, WAS",56.6,3.7,3.8,6.6,50.7,12.1,Unranked,72,2011-2014,77.8,Post-Ty Law Rule,75.0,1530.04,9.08,6.67,132.82,219.87,-14.9,903.7,847.1
Marques Tuiasosopo,2001,2008,5,29,10,2,49,90,554,2,7,60.56,10,70,0,2,0,OAK,54.4,2.2,7.8,6.2,0.0,0.0,Unranked,172,,,Early Modern,74.11,1469.82,8.58,7.03,129.09,218.97,-18.3,-62.3,-76.7
Mason Rudolph,2019,2023,4,28,21,13,291,458,3085,19,11,89.625,22,175,8,4,1,PIT,63.5,4.1,2.4,6.7,66.7,2.1,Unranked,144,,,Modern Passing,80.91,1736.71,10.7,5.85,154.07,243.37,10.8,77.6,77.6
Matt Barkley,2013,2020,6,30,19,7,212,363,2699,11,22,66.96666666666665,13,92,2,5,0,"BUF, CHI, PHI",58.4,3.0,6.1,7.4,28.6,0.0,Unranked,172,,,Modern Passing,80.91,1736.71,10.7,5.85,154.07,243.37,-17.2,55.4,2.8
Matt Cassel,2005,2018,15,36,115,88,1697,2887,18784,109,89,68.68666666666667,224,1243,37,51,0,"2TM, DAL, DET, KAN, MIN, NWE, TEN",58.8,3.8,3.1,6.5,42.0,15.9,Unranked,56,2008-2010,84.1,Post-Ty Law Rule,75.0,1530.04,9.08,6.67,132.82,219.87,-8.4,1127.7,1100.4
Matt Flynn,2008,2014,9,29,58,12,343,557,3933,25,16,73.5,63,344,5,7,0,"2TM, GNB, OAK, SEA",61.6,4.5,2.9,7.1,41.7,1.1,Unranked,155,,,Post-Ty Law Rule,75.0,1530.04,9.08,6.67,132.82,219.87,-2.0,157.1,175.3
Matt Gutierrez,2007,2009,2,25,6,0,2,2,18,0,0,98.95,0,0,0,0,0,"KAN, NWE",100.0,0.0,0.0,9.0,0.0,3.6,Unranked,127,,,Post-Ty Law Rule,75.0,1530.04,9.08,6.67,132.82,219.87,31.9,-98.8,-100.0
Matt Hasselbeck,2000,2015,16,40,193,160,3219,5320,36597,211,153,81.23124999999999,359,2251,85,75,0,"GNB, IND, SEA, TEN",60.5,4.0,2.9,6.9,53.1,37.7,Unranked,15,2003-2005,90.0,Early Modern,74.11,1469.82,8.58,7.03,129.09,218.97,9.6,2389.9,2359.2
Matt Leinart,2006,2012,6,29,33,18,366,641,4065,15,21,72.53333333333335,30,221,8,10,0,"ARI, HOU, OAK",57.1,2.3,3.3,6.3,44.4,0.0,Unranked,172,,,Post-Ty Law Rule,75.0,1530.04,9.08,6.67,132.82,219.87,-3.3,165.7,65.2
Matt Lytle,2001,2001,1,26,3,1,17,30,133,1,3,39.3,3,24,0,1,0,CAR,56.7,3.3,10.0,4.4,0.0,0.0,Unranked,172,,,Early Modern,74.11,1469.82,8.58,7.03,129.09,218.97,-47.0,-91.0,-88.3
Matt Mauck,2005,2005,1,26,2,1,15,27,136,0,1,53.9,1,8,0,1,0,TEN,55.6,0.0,3.7,5.0,0.0,0.0,Unranked,172,,,Post-Ty Law Rule,75.0,1530.04,9.08,6.67,132.82,219.87,-28.1,-91.1,-100.0
Matt McGloin,2013,2016,4,27,13,7,161,277,1868,11,11,71.44999999999999,9,81,1,6,0,OAK,58.1,4.0,4.0,6.7,14.3,0.0,Unranked,172,,,Modern Passing,80.91,1736.71,10.7,5.85,154.07,243.37,-11.7,7.6,2.8
Matt Moore,2007,2019,11,35,55,32,645,1074,7597,49,36,81.66363636363637,87,606,16,16,0,"CAR, KAN, MIA",60.1,4.6,3.4,7.1,50.0,6.3,Unranked,101,2009-2011,80.4,Post-Ty Law Rule,75.0,1530.04,9.08,6.67,132.82,219.87,8.9,396.5,439.6
Matt Ryan,2008,2022,15,37,234,234,5551,8464,62792,381,183,93.31333333333333,488,3264,124,109,1,"ATL, IND",65.6,4.5,2.2,7.4,53.2,58.3,Unranked,6,2016-2018,105.5,Post-Ty Law Rule,75.0,1530.04,9.08,6.67,132.82,219.87,24.4,4003.9,4096.0
Matt Schaub,2004,2019,15,38,154,93,2148,3348,25467,136,91,78.76,180,1245,47,46,0,"ATL, BAL, HOU, OAK",64.2,4.1,2.7,7.6,50.5,21.5,Unranked,38,2009-2011,95.8,Post-Ty Law Rule,75.0,1530.04,9.08,6.67,132.82,219.87,5.0,1564.5,1397.8
Matt Simms,2013,2014,2,26,4,0,19,39,195,1,1,58.5,4,23,0,0,0,NYJ,48.7,2.6,2.6,5.0,0.0,0.0,Unranked,172,,,Modern Passing,80.91,1736.71,10.7,5.85,154.07,243.37,-27.7,-88.8,-90.7
Matthew Stafford,2009,2023,15,35,206,206,4834,7649,56047,357,180,90.92000000000002,474,3152,98,107,1,"DET, LAR",63.2,4.7,2.4,7.3,47.8,53.8,Unranked,9,2019-2021,101.7,Post-Ty Law Rule,75.0,1530.04,9.08,6.67,132.82,219.87,21.2,3563.1,3831.7
Max Hall,2010,2010,1,25,6,3,39,78,370,1,6,35.7,14,90,1,2,0,ARI,50.0,1.3,7.7,4.7,33.3,0.0,Unranked,172,,,Post-Ty Law Rule,75.0,1530.04,9.08,6.67,132.82,219.87,-52.4,-75.8,-89.0
Michael Bishop,2000,2000,1,24,8,0,3,9,80,1,1,64.4,0,0,0,0,0,NWE,33.3,11.1,11.1,8.9,0.0,0.0,Unranked,172,,,Early Modern,74.11,1469.82,8.58,7.03,129.09,218.97,-13.1,-94.6,-88.3
Michael Vick,2001,2015,13,35,143,115,1807,3217,22464,133,88,79.36153846153846,316,1879,61,51,1,"ATL, NYJ, PHI, PIT",56.2,4.1,2.7,7.0,54.5,22.4,Unranked,34,2010-2012,87.7,Early Modern,74.11,1469.82,8.58,7.03,129.09,218.97,7.1,1428.4,1450.1
Mike Glennon,2013,2021,8,32,40,31,689,1147,7025,47,35,90.0,83,612,6,25,0,"ARI, CHI, JAX, NYG, OAK, TAM",60.1,4.1,3.1,6.1,19.4,6.4,Unranked,99,2013-2017,81.4,Modern Passing,80.91,1736.71,10.7,5.85,154.07,243.37,11.2,304.5,339.3
Mike Kafka,2011,2011,1,24,4,0,11,16,107,0,2,47.7,1,6,0,0,0,PHI,68.8,0.0,12.5,6.7,0.0,0.0,Unranked,172,,,Post-Ty Law Rule,75.0,1530.04,9.08,6.67,132.82,219.87,-36.4,-93.0,-100.0
Mike McMahon,2001,2005,5,26,29,14,229,515,2867,15,21,49.4,55,338,3,11,0,"DET, PHI",44.5,2.9,4.1,5.6,21.4,0.0,Unranked,172,2001-2005,59.2,Early Modern,74.11,1469.82,8.58,7.03,129.09,218.97,-33.3,95.1,74.8
Mike White,2021,2023,3,28,14,7,196,313,2219,9,13,89.63333333333333,13,94,2,5,0,"MIA, NYJ",62.6,2.9,4.2,7.1,28.6,1.4,Unranked,153,,,Modern Passing,80.91,1736.71,10.7,5.85,154.07,243.37,10.8,27.8,-15.9
Mitchell Trubisky,2017,2023,7,29,69,57,1200,1872,12536,72,48,78.54285714285713,129,808,31,26,0,"BUF, CHI, PIT",64.1,3.8,2.6,6.7,54.4,9.4,Unranked,85,2018-2020,90.6,Modern Passing,80.91,1736.71,10.7,5.85,154.07,243.37,-2.9,621.8,572.9
Moses Moreno,2000,2000,1,25,6,2,27,53,241,0,2,47.8,8,51,0,2,0,SDG,50.9,0.0,3.8,4.5,0.0,0.0,Unranked,172,,,Early Modern,74.11,1469.82,8.58,7.03,129.09,218.97,-35.5,-83.6,-100.0
Nate Sudfeld,2017,2022,4,29,6,0,25,37,188,1,1,78.23333333333333,6,47,0,0,0,"DET, PHI",67.6,2.7,2.7,5.1,0.0,0.0,Unranked,172,,,Modern Passing,80.91,1736.71,10.7,5.85,154.07,243.37,-3.3,-89.2,-90.7
Nathan Peterman,2017,2023,5,29,14,5,85,160,712,4,13,52.65,12,66,1,4,0,"BUF, CHI, LVR",53.1,2.5,8.1,4.4,20.0,0.0,Unranked,172,,,Modern Passing,80.91,1736.71,10.7,5.85,154.07,243.37,-34.9,-59.0,-62.6
Neil O'Donnell,2000,2003,4,37,17,3,99,172,1282,6,6,80.55,9,81,2,1,0,TEN,57.6,3.5,3.5,7.5,66.7,0.0,Unranked,172,,,Early Modern,74.11,1469.82,8.58,7.03,129.09,218.97,8.7,-12.8,-30.1
Nick Foles,2012,2022,11,33,71,58,1302,2087,14227,82,47,84.39090909090909,127,875,29,29,0,"CHI, IND, JAX, KAN, PHI, STL",62.4,3.9,2.3,6.8,50.0,11.1,Unranked,75,2012-2014,93.2,Modern Passing,80.91,1736.71,10.7,5.85,154.07,243.37,4.3,719.2,666.4
Nick Mullens,2018,2023,5,28,28,20,528,803,6391,34,31,90.63999999999999,48,371,5,15,0,"CLE, MIN, SFO",65.8,4.2,3.9,8.0,25.0,6.1,Unranked,104,2018-2023,87.8,Modern Passing,80.91,1736.71,10.7,5.85,154.07,243.37,12.0,268.0,217.8
P.J. Walker,2020,2023,4,28,21,9,185,339,2135,6,16,58.125,29,214,5,4,0,"CAR, CLE",54.6,1.8,4.7,6.3,55.6,0.0,Unranked,172,,,Modern Passing,80.91,1736.71,10.7,5.85,154.07,243.37,-28.2,22.9,-43.9
Patrick Mahomes,2017,2023,7,28,96,96,2386,3590,28424,219,63,100.0,148,980,74,22,0,KAN,66.5,6.1,1.8,7.9,77.1,26.1,Unranked,29,2018-2020,109.1,Modern Passing,80.91,1736.71,10.7,5.85,154.07,243.37,23.6,1536.7,1946.7
Patrick Ramsey,2002,2008,7,29,37,24,511,913,5930,35,30,73.51428571428572,79,520,10,14,0,"DEN, NYJ, WAS",56.0,3.8,3.3,6.5,41.7,3.1,Unranked,134,2002-2004,74.1,Early Modern,74.11,1469.82,8.58,7.03,129.09,218.97,-0.8,303.5,307.9
Paxton Lynch,2016,2017,2,23,5,4,79,128,792,4,4,75.6,18,93,1,3,0,DEN,61.7,3.1,3.1,6.2,25.0,0.0,Unranked,172,,,Modern Passing,80.91,1736.71,10.7,5.85,154.07,243.37,-6.6,-54.4,-62.6
Peyton Manning,2000,2015,15,39,234,233,5468,8272,64066,487,208,97.85999999999999,267,1728,170,63,0,"DEN, IND",66.1,5.9,2.5,7.7,73.0,69.0,Unranked,3,2004-2006,108.7,Early Modern,74.11,1469.82,8.58,7.03,129.09,218.97,32.0,4258.8,5576.0
Philip Rivers,2004,2020,17,39,244,240,5277,8134,63440,421,209,93.68823529411763,464,2832,134,106,0,"IND, LAC, SDG",64.9,5.2,2.6,7.8,55.8,62.0,Unranked,5,2008-2010,103.9,Post-Ty Law Rule,75.0,1530.04,9.08,6.67,132.82,219.87,24.9,4046.3,4536.6
Quincy Carter,2001,2004,4,27,38,34,542,960,6337,32,37,76.22500000000001,80,441,18,16,0,"DAL, NYJ",56.5,3.3,3.9,6.6,52.9,4.1,Unranked,122,2001-2003,68.9,Early Modern,74.11,1469.82,8.58,7.03,129.09,218.97,2.9,331.1,273.0
Quinn Gray,2005,2008,4,29,12,4,108,188,1328,13,5,108.3,12,86,2,2,0,"JAX, KAN",57.4,6.9,2.7,7.1,50.0,3.5,Unranked,129,,,Post-Ty Law Rule,75.0,1530.04,9.08,6.67,132.82,219.87,44.4,-13.2,43.2
Randall Cunningham,2000,2001,2,38,12,5,128,214,1422,9,6,81.85,20,111,3,2,0,"BAL, DAL",59.8,4.2,2.8,6.6,60.0,0.0,Unranked,172,,,Early Modern,74.11,1469.82,8.58,7.03,129.09,218.97,10.4,-3.3,4.9
Randy Fasani,2002,2002,1,24,4,1,15,44,171,0,4,8.8,7,60,0,1,0,CAR,34.1,0.0,9.1,3.9,0.0,0.0,Unranked,172,,,Early Modern,74.11,1469.82,8.58,7.03,129.09,218.97,-88.1,-88.4,-100.0
Ray Lucas,2000,2002,3,30,24,6,115,204,1296,4,10,68.56666666666668,18,114,2,4,0,"MIA, NYJ",56.4,2.0,4.9,6.4,33.3,0.0,Unranked,172,,,Early Modern,74.11,1469.82,8.58,7.03,129.09,218.97,-7.5,-11.8,-53.4
Rex Grossman,2003,2011,9,31,54,47,863,1562,10232,56,60,62.400000000000006,92,698,25,22,0,"CHI, HOU, WAS",55.2,3.6,3.8,6.6,53.2,6.3,Unranked,101,2006-2010,73.8,Early Modern,74.11,1469.82,8.58,7.03,129.09,218.97,-15.8,596.1,552.7
Rich Gannon,2000,2004,5,39,58,58,1229,1933,13745,90,36,89.12,113,600,37,21,0,OAK,63.6,4.7,1.9,7.1,63.8,13.1,Unranked,67,2000-2002,95.1,Early Modern,74.11,1469.82,8.58,7.03,129.09,218.97,20.3,835.1,949.0
Richard Bartel,2010,2011,2,28,3,0,26,50,236,1,2,54.8,3,18,0,0,0,ARI,52.0,2.0,4.0,4.7,0.0,0.0,Unranked,172,,,Post-Ty Law Rule,75.0,1530.04,9.08,6.67,132.82,219.87,-26.9,-84.6,-89.0
Rick Mirer,2000,2003,2,33,10,8,126,241,1393,4,5,75.75,23,128,2,6,0,"OAK, SFO",52.3,1.7,2.1,5.8,25.0,0.0,Unranked,172,,,Early Modern,74.11,1469.82,8.58,7.03,129.09,218.97,2.2,-5.2,-53.4
Rob Johnson,2000,2003,6,30,34,21,388,650,4312,18,18,65.23333333333333,107,624,7,14,0,"2TM, BUF, OAK, TAM, WAS",59.7,2.8,2.8,6.6,33.3,0.0,Unranked,172,,,Early Modern,74.11,1469.82,8.58,7.03,129.09,218.97,-12.0,193.4,109.8
Robert Griffin III,2012,2020,7,30,56,42,799,1268,9271,43,30,67.85714285714286,131,895,16,26,0,"BAL, CLE, WAS",63.0,3.4,2.4,7.3,38.1,4.4,Unranked,117,2012-2014,90.5,Modern Passing,80.91,1736.71,10.7,5.85,154.07,243.37,-16.1,433.8,301.9
Rodney Peete,2002,2004,3,38,16,15,228,392,2652,15,14,68.16666666666667,34,212,8,7,0,CAR,58.2,3.8,3.6,6.8,53.3,0.0,Unranked,172,,,Early Modern,74.11,1469.82,8.58,7.03,129.09,218.97,-8.0,80.4,74.8
Rohan Davey,2002,2004,3,26,7,0,8,19,88,0,0,56.76666666666667,0,0,0,0,0,NWE,42.1,0.0,0.0,4.6,0.0,0.0,Unranked,172,,,Early Modern,74.11,1469.82,8.58,7.03,129.09,218.97,-23.4,-94.0,-100.0
Russell Wilson,2012,2023,12,35,188,188,3668,5665,43653,334,106,100.17500000000001,527,3464,115,72,1,"DEN, SEA",64.7,5.9,1.9,7.7,61.5,42.4,Unranked,12,2018-2020,107.4,Modern Passing,80.91,1736.71,10.7,5.85,154.07,243.37,23.8,2413.5,3021.5
Rusty Smith,2010,2012,2,25,3,1,23,45,234,0,4,52.7,1,0,0,1,0,TEN,51.1,0.0,8.9,5.2,0.0,0.0,Unranked,172,,,Post-Ty Law Rule,75.0,1530.04,9.08,6.67,132.82,219.87,-29.7,-84.7,-100.0
Ryan Finley,2019,2020,2,26,8,4,58,119,638,3,4,57.1,20,156,1,3,0,CIN,48.7,2.5,3.4,5.4,25.0,0.0,Unranked,172,,,Modern Passing,80.91,1736.71,10.7,5.85,154.07,243.37,-29.4,-63.3,-72.0
Ryan Fitzpatrick,2005,2021,15,39,164,147,3072,5060,34990,223,169,80.04666666666667,300,1576,59,87,1,"BUF, CIN, HOU, MIA, NYJ, STL, TAM, TEN, WAS",60.7,4.4,3.3,6.9,40.4,35.4,Unranked,20,2018-2020,93.8,Post-Ty Law Rule,75.0,1530.04,9.08,6.67,132.82,219.87,6.7,2186.9,2355.9
Ryan Griffin,2019,2019,1,30,2,0,2,4,18,0,0,62.5,0,0,0,0,0,TAM,50.0,0.0,0.0,4.5,0.0,0.0,Unranked,172,,,Modern Passing,80.91,1736.71,10.7,5.85,154.07,243.37,-22.8,-99.0,-100.0
Ryan Leaf,2000,2001,2,25,15,12,206,410,2377,12,21,56.95,43,237,1,11,0,"DAL, SDG",50.2,2.9,5.1,5.8,8.3,0.0,Unranked,172,,,Early Modern,74.11,1469.82,8.58,7.03,129.09,218.97,-23.2,61.7,39.9
Ryan Lindley,2012,2015,3,26,10,6,140,274,1372,3,11,71.03333333333333,18,137,1,5,0,"ARI, IND",51.1,1.1,4.0,5.0,16.7,0.0,Unranked,172,,,Modern Passing,80.91,1736.71,10.7,5.85,154.07,243.37,-12.2,-21.0,-72.0
Ryan Mallett,2012,2017,7,29,29,14,326,589,3171,14,16,57.72857142857141,13,69,5,9,0,"2TM, BAL, HOU, NWE",55.3,2.4,2.7,5.4,35.7,0.0,Unranked,172,,,Modern Passing,80.91,1736.71,10.7,5.85,154.07,243.37,-28.7,82.6,30.8
Ryan Nassib,2014,2015,2,25,5,0,9,10,128,1,0,137.5,2,11,0,0,0,NYG,90.0,10.0,0.0,12.8,0.0,10.1,Unranked,80,,,Modern Passing,80.91,1736.71,10.7,5.85,154.07,243.37,69.9,-92.6,-90.7
Ryan Tannehill,2012,2023,11,35,155,151,3063,4764,34881,216,115,92.01818181818182,415,3065,81,70,0,"MIA, TEN",64.3,4.5,2.4,7.3,53.6,32.4,Unranked,22,2018-2020,105.6,Modern Passing,80.91,1736.71,10.7,5.85,154.07,243.37,13.7,1908.5,1918.7
Sage Rosenfels,2002,2008,7,30,32,12,351,562,4156,30,29,80.18571428571428,19,127,6,6,0,"HOU, MIA",62.5,5.3,5.2,7.4,50.0,3.3,Unranked,131,,,Early Modern,74.11,1469.82,8.58,7.03,129.09,218.97,8.2,182.8,249.7
Sam Bradford,2010,2018,8,31,83,83,1855,2967,19449,103,61,86.6375,196,1371,34,48,1,"ARI, MIN, PHI, STL",62.5,3.5,2.1,6.6,41.5,16.7,Unranked,52,2013-2016,92.2,Post-Ty Law Rule,75.0,1530.04,9.08,6.67,132.82,219.87,15.5,1171.1,1034.4
Sam Darnold,2018,2023,6,26,66,56,1082,1811,12064,63,56,80.7,149,972,21,35,0,"CAR, NYJ, SFO",59.7,3.5,3.1,6.7,37.5,9.6,Unranked,82,2020-2022,79.1,Modern Passing,80.91,1736.71,10.7,5.85,154.07,243.37,-0.3,594.6,488.8
Sam Ehlinger,2022,2022,1,24,4,3,64,101,573,3,3,76.1,14,87,0,3,0,IND,63.4,3.0,3.0,5.7,0.0,0.0,Unranked,172,,,Modern Passing,80.91,1736.71,10.7,5.85,154.07,243.37,-5.9,-67.0,-72.0
Sam Howell,2022,2023,2,23,18,18,399,631,4115,22,22,80.95,68,460,5,13,0,WAS,63.2,3.5,3.5,6.5,27.8,2.3,Unranked,142,,,Modern Passing,80.91,1736.71,10.7,5.85,154.07,243.37,0.0,136.9,105.6
Scott Covington,2002,2002,1,26,1,1,2,5,7,0,0,47.9,2,16,1,0,0,STL,40.0,0.0,0.0,1.4,100.0,0.0,Unranked,172,,,Early Modern,74.11,1469.82,8.58,7.03,129.09,218.97,-35.4,-99.5,-100.0
Scott Mitchell,2000,2001,2,33,9,5,93,199,1004,3,11,27.15,18,97,2,3,0,CIN,46.7,1.5,5.5,5.0,40.0,0.0,Unranked,172,,,Early Modern,74.11,1469.82,8.58,7.03,129.09,218.97,-63.4,-31.7,-65.0
Scott Tolzien,2013,2017,4,30,10,4,88,146,1065,2,9,62.150000000000006,11,84,0,3,1,"GNB, IND",60.3,1.4,6.2,7.3,0.0,0.0,Unranked,172,,,Modern Passing,80.91,1736.71,10.7,5.85,154.07,243.37,-23.2,-38.7,-81.3
Sean Clifford,2023,2023,1,25,2,0,1,1,37,0,0,118.7,0,0,0,0,0,GNB,100.0,0.0,0.0,37.0,0.0,17.3,Unranked,49,,,Modern Passing,80.91,1736.71,10.7,5.85,154.07,243.37,46.7,-97.9,-100.0
Sean Mannion,2015,2021,6,29,14,3,67,110,573,1,3,63.966666666666676,5,35,0,3,0,"LAR, MIN, STL",60.9,0.9,2.7,5.2,0.0,0.0,Unranked,172,,,Modern Passing,80.91,1736.71,10.7,5.85,154.07,243.37,-20.9,-67.0,-90.7
Sean Renfree,2015,2015,1,25,2,0,3,7,11,0,1,10.7,2,17,0,0,0,ATL,42.9,0.0,14.3,1.6,0.0,0.0,Unranked,172,,,Modern Passing,80.91,1736.71,10.7,5.85,154.07,243.37,-86.8,-99.4,-100.0
Seneca Wallace,2005,2013,8,33,64,22,468,788,4947,31,19,79.23750000000001,59,339,6,16,0,"CLE, GNB, SEA",59.4,3.9,2.4,6.3,27.3,2.4,Unranked,140,2008-2010,85.8,Post-Ty Law Rule,75.0,1530.04,9.08,6.67,132.82,219.87,5.7,223.3,241.4
Shane Matthews,2000,2004,4,34,21,15,312,547,2953,20,18,89.55000000000001,20,126,8,7,0,"BUF, CHI, WAS",57.0,3.7,3.3,5.4,53.3,1.9,Unranked,147,2000-2002,69.6,Early Modern,74.11,1469.82,8.58,7.03,129.09,218.97,20.8,100.9,133.1
Shaun Hill,2007,2016,9,36,47,35,757,1225,8295,49,30,90.07777777777777,84,533,17,18,0,"DET, MIN, SFO, STL",61.8,4.0,2.4,6.8,48.6,7.4,Unranked,94,2008-2010,82.8,Post-Ty Law Rule,75.0,1530.04,9.08,6.67,132.82,219.87,20.1,442.1,439.6
Shaun King,2000,2004,5,27,28,19,326,592,3691,20,20,63.3,50,341,10,9,0,"ARI, TAM",55.1,3.4,3.4,6.2,52.6,0.0,Unranked,172,,,Early Modern,74.11,1469.82,8.58,7.03,129.09,218.97,-14.6,151.1,133.1
Skylar Thompson,2022,2022,1,25,7,2,60,105,534,1,3,62.2,6,40,1,1,0,MIA,57.1,1.0,2.9,5.1,50.0,0.0,Unranked,172,,,Modern Passing,80.91,1736.71,10.7,5.85,154.07,243.37,-23.1,-69.3,-90.7
Spergon Wynn,2000,2001,2,23,10,3,70,152,585,1,7,39.900000000000006,23,154,0,3,0,"CLE, MIN",46.1,0.7,4.6,3.8,0.0,0.0,Unranked,172,,,Early Modern,74.11,1469.82,8.58,7.03,129.09,218.97,-46.2,-60.2,-88.3
Stephen McGee,2010,2011,2,26,3,1,46,82,420,3,0,82.4,6,50,1,0,0,DAL,56.1,3.7,0.0,5.1,100.0,0.0,Unranked,172,,,Post-Ty Law Rule,75.0,1530.04,9.08,6.67,132.82,219.87,9.9,-72.5,-67.0
Steve Beuerlein,2000,2003,3,38,28,21,425,713,5044,27,28,70.46666666666667,83,469,9,12,0,"CAR, DEN",59.6,3.8,3.9,7.1,42.9,2.1,Unranked,144,,,Early Modern,74.11,1469.82,8.58,7.03,129.09,218.97,-4.9,243.2,214.7
Steve McNair,2000,2007,8,34,105,104,1912,3083,21466,124,83,83.7125,159,1019,62,42,0,"BAL, TEN",62.0,4.0,2.7,7.0,59.6,20.7,Unranked,40,2001-2003,91.5,Early Modern,74.11,1469.82,8.58,7.03,129.09,218.97,13.0,1360.5,1345.2
Stoney Case,2000,2000,1,28,5,1,56,91,503,1,4,61.7,12,75,1,0,0,DET,61.5,1.1,4.4,5.5,100.0,0.0,Unranked,172,,,Early Modern,74.11,1469.82,8.58,7.03,129.09,218.97,-16.7,-65.8,-88.3
T.J. Yates,2011,2017,6,30,22,10,179,324,2057,10,11,59.666666666666664,36,189,4,6,0,"ATL, HOU",55.2,3.1,3.4,6.3,40.0,0.0,Unranked,172,,,Post-Ty Law Rule,75.0,1530.04,9.08,6.67,132.82,219.87,-20.4,34.4,10.1
Tarvaris Jackson,2006,2015,9,32,59,34,640,1073,7263,39,35,87.54444444444444,90,546,17,17,0,"MIN, SEA",59.6,3.6,3.3,6.8,50.0,6.4,Unranked,99,2007-2011,81.8,Post-Ty Law Rule,75.0,1530.04,9.08,6.67,132.82,219.87,16.7,374.7,329.5
Taylor Heinicke,2017,2023,6,30,38,29,604,966,6635,39,28,86.90000000000002,69,506,13,15,1,"ATL, CAR, HOU, WAS",62.5,4.0,2.9,6.9,46.4,5.3,Unranked,109,2021-2023,83.4,Modern Passing,80.91,1736.71,10.7,5.85,154.07,243.37,7.4,282.0,264.5
Taysom Hill,2018,2023,3,33,44,20,87,152,1125,5,6,73.66666666666667,12,71,4,1,0,NOR,57.2,3.3,3.9,7.4,80.0,0.0,Unranked,172,,,Modern Passing,80.91,1736.71,10.7,5.85,154.07,243.37,-9.0,-35.2,-53.3
Teddy Bridgewater,2014,2022,8,30,78,65,1372,2067,15120,75,47,88.02857142857144,166,1114,33,32,0,"CAR, DEN, MIA, MIN, NOR",66.4,3.6,2.3,7.3,50.8,12.3,Unranked,70,2019-2021,95.4,Modern Passing,80.91,1736.71,10.7,5.85,154.07,243.37,8.8,770.6,600.9
Tee Martin,2003,2003,1,25,2,0,6,16,69,0,1,25.3,1,5,0,0,0,OAK,37.5,0.0,6.2,4.3,0.0,0.0,Unranked,172,,,Early Modern,74.11,1469.82,8.58,7.03,129.09,218.97,-65.9,-95.3,-100.0
Terrelle Pryor,2012,2013,2,24,14,10,170,302,1953,9,12,69.94999999999999,31,203,3,7,0,OAK,56.3,3.0,4.0,6.5,30.0,0.0,Unranked,172,,,Modern Passing,80.91,1736.71,10.7,5.85,154.07,243.37,-13.5,12.5,-15.9
Thaddeus Lewis,2012,2013,2,28,7,6,115,189,1296,5,4,82.15,21,114,2,4,0,"BUF, CLE",60.8,2.6,2.1,6.9,33.3,0.0,Unranked,172,,,Modern Passing,80.91,1736.71,10.7,5.85,154.07,243.37,1.5,-25.4,-53.3
Tim Boyle,2019,2023,5,29,20,5,114,183,934,4,12,51.14999999999999,10,75,0,5,0,"CHI, DET, GNB, NYJ",62.3,2.2,6.6,5.1,0.0,0.0,Unranked,172,,,Modern Passing,80.91,1736.71,10.7,5.85,154.07,243.37,-36.8,-46.2,-62.6
Tim Couch,2000,2003,4,26,47,45,802,1315,8684,49,54,76.19999999999999,110,760,20,25,0,CLE,61.0,3.7,4.1,6.6,44.4,7.7,Unranked,92,2001-2003,75.8,Early Modern,74.11,1469.82,8.58,7.03,129.09,218.97,2.8,490.8,471.1
Tim Hasselbeck,2003,2003,1,25,7,5,95,177,1012,5,7,63.6,9,44,1,4,0,WAS,53.7,2.8,4.0,5.7,20.0,0.0,Unranked,172,,,Early Modern,74.11,1469.82,8.58,7.03,129.09,218.97,-14.2,-31.1,-41.7
Tim Rattay,2000,2007,8,30,40,18,432,714,4853,31,23,85.55000000000001,63,372,5,13,0,"ARI, SFO, TAM",60.5,4.3,3.2,6.8,27.8,4.2,Unranked,119,2003-2006,87.6,Early Modern,74.11,1469.82,8.58,7.03,129.09,218.97,15.4,230.2,261.3
Tim Tebow,2010,2012,3,25,35,16,173,361,2422,17,9,79.96666666666667,41,258,8,6,0,"DEN, NYJ",47.9,4.7,2.5,6.7,57.1,0.0,Unranked,172,,,Post-Ty Law Rule,75.0,1530.04,9.08,6.67,132.82,219.87,6.6,58.3,87.2
Todd Bouman,2001,2010,5,38,27,7,147,264,1905,13,13,83.17999999999999,17,122,1,6,0,"JAX, MIN, NOR",55.7,4.9,4.9,7.2,14.3,0.4,Unranked,166,,,Early Modern,74.11,1469.82,8.58,7.03,129.09,218.97,12.2,29.6,51.5
Todd Collins,2001,2010,7,39,20,4,107,182,1329,6,5,85.62857142857145,11,73,4,0,0,"CHI, KAN, WAS",58.8,3.3,2.7,7.3,100.0,0.0,Unranked,172,,,Early Modern,74.11,1469.82,8.58,7.03,129.09,218.97,15.5,-9.6,-30.1
Todd Husak,2000,2000,1,22,1,0,2,2,-2,0,0,79.2,0,0,0,0,0,WAS,100.0,0.0,0.0,-1.0,0.0,0.0,Unranked,172,,,Early Modern,74.11,1469.82,8.58,7.03,129.09,218.97,6.9,-100.1,-100.0
Tom Brady,2000,2022,23,45,335,333,7753,12050,89214,649,212,94.28260869565217,565,3576,251,82,0,"NWE, TAM",64.3,5.4,1.8,7.4,75.4,90.0,Unranked,1,2007-2010,108.1,Early Modern,74.11,1469.82,8.58,7.03,129.09,218.97,27.2,5969.7,7464.1
Tom Brandstater,2011,2011,1,27,1,0,0,2,0,0,0,39.6,0,0,0,0,0,STL,0.0,0.0,0.0,0.0,0.0,0.0,Unranked,172,,,Post-Ty Law Rule,75.0,1530.04,9.08,6.67,132.82,219.87,-47.2,-100.0,-100.0
Tom Savage,2014,2017,3,27,13,9,181,315,2000,5,7,68.06666666666668,27,200,2,7,0,HOU,57.5,1.6,2.2,6.3,22.2,0.0,Unranked,172,,,Modern Passing,80.91,1736.71,10.7,5.85,154.07,243.37,-15.9,15.2,-53.3
Tommy DeVito,2023,2023,1,25,9,6,114,178,1101,8,3,89.2,37,196,3,3,0,NYG,64.0,4.5,1.7,6.2,50.0,0.3,Unranked,167,,,Modern Passing,80.91,1736.71,10.7,5.85,154.07,243.37,10.2,-36.6,-25.2
Tommy Maddox,2001,2005,5,34,42,32,603,1036,7139,42,40,77.34,82,474,15,16,1,PIT,58.2,4.1,3.9,6.9,48.4,5.6,Unranked,106,,,Early Modern,74.11,1469.82,8.58,7.03,129.09,218.97,4.4,385.7,389.5
Tony Banks,2000,2005,5,32,40,25,424,773,4846,24,23,71.92,62,382,15,10,0,"BAL, HOU, WAS",54.9,3.1,3.0,6.3,60.0,1.0,Unranked,157,2000-2003,75.0,Early Modern,74.11,1469.82,8.58,7.03,129.09,218.97,-3.0,229.7,179.7
Tony Pike,2010,2010,1,24,1,0,6,12,47,0,0,60.1,1,10,0,0,0,CAR,50.0,0.0,0.0,3.9,0.0,0.0,Unranked,172,,,Post-Ty Law Rule,75.0,1530.04,9.08,6.67,132.82,219.87,-19.9,-96.9,-100.0
Tony Romo,2006,2016,11,36,134,127,2829,4335,34183,248,117,99.37272727272729,248,1672,78,49,0,DAL,65.3,5.7,2.7,7.9,61.4,35.8,Unranked,18,2012-2014,100.1,Post-Ty Law Rule,75.0,1530.04,9.08,6.67,132.82,219.87,32.5,2134.1,2631.3
Trace McSorley,2020,2022,2,27,8,1,48,93,502,1,5,70.35,3,27,0,1,0,"ARI, BAL",51.6,1.1,5.4,5.4,0.0,0.0,Unranked,172,,,Modern Passing,80.91,1736.71,10.7,5.85,154.07,243.37,-13.1,-71.1,-90.7
Travis Brown,2000,2003,3,26,4,0,29,52,361,1,3,56.800000000000004,2,9,0,0,0,"BUF, SEA",55.8,1.9,5.8,6.9,0.0,0.0,Unranked,172,,,Early Modern,74.11,1469.82,8.58,7.03,129.09,218.97,-23.4,-75.4,-88.3
Trent Dilfer,2000,2007,7,35,51,37,642,1134,7549,43,49,68.24285714285715,95,593,20,17,0,"BAL, CLE, SEA, SFO",56.6,3.8,4.3,6.7,54.1,4.9,Unranked,113,2001-2005,80.0,Early Modern,74.11,1469.82,8.58,7.03,129.09,218.97,-7.9,413.6,401.2
Trent Edwards,2007,2012,7,29,43,36,618,1030,6554,28,35,70.0,80,577,14,22,0,"2TM, BUF, JAX, PHI",60.0,2.7,3.4,6.4,38.9,2.7,Unranked,138,2007-2009,76.5,Post-Ty Law Rule,75.0,1530.04,9.08,6.67,132.82,219.87,-6.7,328.4,208.4
Trent Green,2000,2008,9,38,104,99,1988,3230,25034,139,103,81.3111111111111,210,1283,50,49,0,"KAN, MIA, STL",61.5,4.3,3.2,7.8,50.5,24.5,Unranked,32,2002-2004,93.5,Early Modern,74.11,1469.82,8.58,7.03,129.09,218.97,9.7,1603.2,1520.0
Trevone Boykin,2016,2016,1,23,5,0,13,18,145,1,1,91.2,1,5,0,0,0,SEA,72.2,5.6,5.6,8.1,0.0,0.6,Unranked,165,,,Modern Passing,80.91,1736.71,10.7,5.85,154.07,243.37,12.7,-91.7,-90.7
Trevor Lawrence,2021,2023,3,24,50,50,1116,1750,11770,58,39,85.2,94,646,20,30,0,JAX,63.8,3.3,2.2,6.7,40.0,8.6,Unranked,87,2021-2023,85.2,Modern Passing,80.91,1736.71,10.7,5.85,154.07,243.37,5.3,577.7,442.1
Trevor Siemian,2016,2023,6,32,39,33,707,1208,7751,44,32,73.5,85,542,15,18,0,"CHI, DEN, NOR, NYJ",58.5,3.6,2.6,6.4,45.5,4.0,Unranked,123,2016-2021,82.1,Modern Passing,80.91,1736.71,10.7,5.85,154.07,243.37,-9.2,346.3,311.2
Trey Lance,2021,2022,2,22,8,4,56,102,797,5,3,76.15,6,24,2,2,0,SFO,54.9,4.9,2.9,7.8,50.0,0.0,Unranked,172,,,Modern Passing,80.91,1736.71,10.7,5.85,154.07,243.37,-5.9,-54.1,-53.3
Troy Aikman,2000,2000,1,34,11,11,156,262,1632,7,14,64.3,13,91,4,7,0,DAL,59.5,2.7,5.3,6.2,36.4,0.0,Unranked,172,,,Early Modern,74.11,1469.82,8.58,7.03,129.09,218.97,-13.2,11.0,-18.4
Troy Smith,2007,2010,4,26,20,8,121,234,1734,8,5,83.7,23,142,4,4,0,"BAL, SFO",51.7,3.4,2.1,7.4,50.0,0.0,Unranked,172,,,Post-Ty Law Rule,75.0,1530.04,9.08,6.67,132.82,219.87,11.6,13.3,-11.9
Tua Tagovailoa,2020,2023,4,25,53,51,1096,1638,12639,81,37,95.94999999999999,90,622,32,19,0,MIA,66.9,4.9,2.3,7.7,62.7,11.8,Unranked,73,2021-2023,98.9,Modern Passing,80.91,1736.71,10.7,5.85,154.07,243.37,18.6,627.8,657.0
Ty Detmer,2001,2001,1,34,4,4,92,151,906,3,10,56.9,12,75,1,3,0,DET,60.9,2.0,6.6,6.0,25.0,0.0,Unranked,172,,,Early Modern,74.11,1469.82,8.58,7.03,129.09,218.97,-23.2,-38.4,-65.0
Tyler Bray,2017,2020,2,29,2,0,1,6,18,0,0,40.85,0,0,0,0,0,"CHI, KAN",16.7,0.0,0.0,3.0,0.0,0.0,Unranked,172,,,Modern Passing,80.91,1736.71,10.7,5.85,154.07,243.37,-49.5,-99.0,-100.0
Tyler Huntley,2020,2023,4,25,20,9,221,342,1957,8,7,79.425,29,169,3,6,0,BAL,64.6,2.3,2.0,5.7,33.3,0.0,Unranked,172,,,Modern Passing,80.91,1736.71,10.7,5.85,154.07,243.37,-1.8,12.7,-25.2
Tyler Palko,2010,2011,2,28,8,4,84,140,831,2,7,70.85,13,93,1,3,0,KAN,60.0,1.4,5.0,5.9,25.0,0.0,Unranked,172,,,Post-Ty Law Rule,75.0,1530.04,9.08,6.67,132.82,219.87,-5.5,-45.7,-78.0
Tyler Thigpen,2007,2012,7,28,30,12,279,517,3305,22,20,60.800000000000004,35,221,1,11,0,"2TM, BUF, KAN, MIA",54.0,4.3,3.9,6.4,8.3,0.0,Unranked,172,,,Post-Ty Law Rule,75.0,1530.04,9.08,6.67,132.82,219.87,-18.9,116.0,142.3
Tyrod Taylor,2011,2023,12,34,91,58,1068,1730,12135,65,29,89.08181818181818,177,1006,28,28,1,"BAL, BUF, CLE, HOU, LAC, NYG",61.7,3.8,1.7,7.0,50.0,10.3,Unranked,79,2015-2017,92.8,Post-Ty Law Rule,75.0,1530.04,9.08,6.67,132.82,219.87,18.8,693.1,615.9
Tyson Bagent,2023,2023,1,23,5,4,94,143,859,3,6,71.4,5,35,2,2,0,CHI,65.7,2.1,4.2,6.0,50.0,0.0,Unranked,172,,,Modern Passing,80.91,1736.71,10.7,5.85,154.07,243.37,-11.8,-50.5,-72.0
Vince Young,2006,2011,6,28,60,50,755,1304,8964,46,51,74.08333333333334,83,449,31,19,0,"PHI, TEN",57.9,3.5,3.9,6.9,62.0,6.2,Unranked,103,2007-2010,84.2,Post-Ty Law Rule,75.0,1530.04,9.08,6.67,132.82,219.87,-1.2,485.9,406.6
Vinny Testaverde,2000,2007,8,44,76,68,1218,2088,13658,70,76,81.5375,101,633,30,38,0,"CAR, DAL, NWE, NYJ",58.3,3.4,3.6,6.5,44.1,12.9,Unranked,68,2001-2004,80.8,Early Modern,74.11,1469.82,8.58,7.03,129.09,218.97,10.0,829.2,715.9
Warren Moon,2000,2000,1,44,2,1,15,34,208,1,1,61.9,5,46,0,1,0,KAN,44.1,2.9,2.9,6.1,0.0,0.0,Unranked,172,,,Early Modern,74.11,1469.82,8.58,7.03,129.09,218.97,-16.5,-85.8,-88.3
Will Grier,2019,2019,1,24,2,2,28,52,228,0,4,33.2,6,44,0,2,0,CAR,53.8,0.0,7.7,4.4,0.0,0.0,Unranked,172,,,Modern Passing,80.91,1736.71,10.7,5.85,154.07,243.37,-59.0,-86.9,-100.0
Will Levis,2023,2023,1,24,9,9,149,255,1808,8,4,84.2,28,185,3,6,0,TEN,58.4,3.1,1.6,7.1,33.3,0.0,Unranked,172,,,Modern Passing,80.91,1736.71,10.7,5.85,154.07,243.37,4.1,4.1,-25.2
Zach Mettenberger,2014,2015,2,24,14,10,208,345,2347,12,14,75.05000000000001,31,236,0,10,0,TEN,60.3,3.5,4.1,6.8,0.0,0.0,Unranked,172,,,Modern Passing,80.91,1736.71,10.7,5.85,154.07,243.37,-7.2,35.1,12.1
Zach Wilson,2021,2023,3,24,34,33,566,993,6293,23,25,73.23333333333333,113,885,12,21,0,NYJ,57.0,2.3,2.5,6.3,36.4,2.2,Unranked,143,2021-2023,73.2,Modern Passing,80.91,1736.71,10.7,5.85,154.07,243.37,-9.5,262.4,115.0
